{"stats":{"minecraft:picked_up":{"minecraft:feather":1,"minecraft:chicken":1,"minecraft:wooden_pickaxe":1,"minecraft:enchanted_book":1,"minecraft:oak_log":12,"minecraft:shield":3,"projectvibrantjourneys:sea_oats":16,"minecraft:dirt":2,"minecraft:string":5,"minecraft:wooden_sword":3,"minecraft:leather_boots":3,"minecraft:bone":1,"minecraft:beetroot":1,"minecraft:apple":9,"minecraft:wheat_seeds":2,"projectvibrantjourneys:sandstone_rocks":1,"minecraft:stone_pickaxe":2,"tombstone:bag_of_seeds":1,"projectvibrantjourneys:sandy_sprouts":1,"minecraft:lectern":1,"minecraft:stone_hoe":1,"minecraft:oak_planks":16,"ecologics:crab_claw":1,"minecraft:stick":8,"projectvibrantjourneys:light_brown_bark_mushroom":1,"ecologics:coconut_slice":10,"minecraft:torch":1,"projectvibrantjourneys:bones":1,"ecologics:coconut_husk":2,"pointblank:gunmetal_nugget":26,"minecraft:sand":70,"tombstone:grave_dust":2,"minecraft:spider_eye":1,"alexsmobs:animal_dictionary":1,"minecraft:bundle":1,"minecraft:rotten_flesh":6,"minecraft:stone_sword":1,"minecraft:arrow":4,"artifacts:cowboy_hat":2,"minecraft:stone_axe":1,"minecraft:beetroot_seeds":2,"minecraft:hay_block":104,"minecraft:bread":40,"tombstone:essence_of_undeath":2,"minecraft:oak_sapling":2,"minecraft:oak_leaves":4,"minecraft:cobblestone":35},"minecraft:used":{"projectvibrantjourneys:sandy_sprouts":1,"ecologics:crab_claw":4,"minecraft:stone_sword":24,"minecraft:stone_pickaxe":15,"minecraft:wooden_pickaxe":3,"minecraft:chest":1,"minecraft:shield":2,"minecraft:rotten_flesh":1,"minecraft:stone_hoe":63,"minecraft:leather_boots":1,"minecraft:torch":1,"minecraft:sand":39,"minecraft:dirt":2,"projectvibrantjourneys:sandstone_rocks":1,"minecraft:crafting_table":3,"projectvibrantjourneys:bones":1,"tombstone:bag_of_seeds":1,"minecraft:oak_log":1,"minecraft:bread":15,"tombstone:grave_key":4,"minecraft:wooden_sword":59,"ecologics:coconut_slice":2,"minecraft:stone_axe":7,"minecraft:hay_block":4,"tombstone:gift":6},"minecraft:custom":{"minecraft:mob_kills":16,"minecraft:interact_with_crafting_table":7,"minecraft:damage_dealt_resisted":106,"minecraft:leave_game":3,"minecraft:time_since_death":1107,"minecraft:sleep_in_bed":5,"minecraft:climb_one_cm":1206,"minecraft:time_since_rest":436,"minecraft:sprint_one_cm":58217,"minecraft:damage_taken":2677,"minecraft:walk_one_cm":242439,"minecraft:damage_blocked_by_shield":55,"minecraft:drop":19,"minecraft:damage_dealt":2812,"minecraft:swim_one_cm":4604,"minecraft:play_time":75010,"minecraft:fly_one_cm":99477,"minecraft:crouch_one_cm":1992,"minecraft:open_chest":21,"minecraft:sneak_time":1507,"tombstone:undead_killed":11,"minecraft:deaths":8,"minecraft:walk_under_water_one_cm":6877,"minecraft:jump":589,"minecraft:walk_on_water_one_cm":4034,"minecraft:total_world_time":75010,"minecraft:fall_one_cm":17820},"minecraft:mined":{"projectvibrantjourneys:sea_oats":18,"minecraft:lectern":1,"minecraft:tall_grass":8,"minecraft:wall_torch":1,"minecraft:large_fern":1,"minecraft:hay_block":55,"farmersdelight:wild_beetroots":2,"minecraft:white_terracotta":1,"projectvibrantjourneys:sandy_sprouts":1,"minecraft:grass":13,"minecraft:oak_log":13,"projectvibrantjourneys:short_grass":6,"minecraft:dirt_path":2,"minecraft:sand":48,"minecraft:stone":16,"minecraft:oak_leaves":7},"minecraft:killed_by":{"minecraft:zombie":1,"hordes:zombie_player":2},"minecraft:killed":{"hordes:zombie_player":5,"minecraft:spider":3,"minecraft:skeleton":2,"minecraft:zombie":3,"minecraft:chicken":1,"ecologics:coconut_crab":1,"minecraft:drowned":1},"minecraft:dropped":{"minecraft:brown_dye":1,"minecraft:wheat_seeds":1,"minecraft:beetroot":1,"minecraft:chicken":1,"minecraft:feather":1,"minecraft:rotten_flesh":4,"projectvibrantjourneys:sea_oats":16,"pointblank:gunmetal_nugget":13,"minecraft:stick":5,"minecraft:bundle":1,"minecraft:beetroot_seeds":2,"ecologics:coconut_husk":2,"minecraft:wooden_sword":2,"minecraft:wooden_pickaxe":1,"minecraft:oak_leaves":4,"minecraft:bone":1},"minecraft:crafted":{"minecraft:wooden_sword":1,"minecraft:oak_planks":44,"minecraft:crafting_table":3,"minecraft:wooden_pickaxe":1,"minecraft:brown_dye":1,"minecraft:stone_axe":1,"minecraft:stick":12,"minecraft:stone_pickaxe":1,"minecraft:chest":1,"minecraft:stone_sword":1,"minecraft:stone_hoe":1}},"DataVersion":3465}