{"stats":{"minecraft:crafted":{"minecraft:oak_planks":20,"minecraft:crafting_table":1,"minecraft:stick":4,"minecraft:wooden_pickaxe":1,"minecraft:stone_pickaxe":1,"minecraft:brown_dye":1},"minecraft:killed":{"minecraft:skeleton":2,"minecraft:chicken":1,"ecologics:coconut_crab":1},"minecraft:picked_up":{"projectvibrantjourneys:light_brown_bark_mushroom":1,"minecraft:stick":2,"minecraft:feather":1,"minecraft:chicken":1,"ecologics:coconut_slice":6,"pointblank:gunmetal_nugget":4,"minecraft:sand":7,"minecraft:oak_log":8,"projectvibrantjourneys:sea_oats":1,"minecraft:dirt":2,"minecraft:apple":3,"minecraft:bone":1,"minecraft:arrow":3,"minecraft:hay_block":1,"minecraft:oak_leaves":4,"minecraft:cobblestone":16,"ecologics:crab_claw":1},"minecraft:killed_by":{"minecraft:zombie":1},"minecraft:used":{"minecraft:oak_log":1,"ecologics:crab_claw":4,"minecraft:bread":8,"minecraft:stone_pickaxe":13,"minecraft:shield":2,"minecraft:wooden_pickaxe":3,"ecologics:coconut_slice":2,"minecraft:wooden_sword":25,"minecraft:dirt":2,"minecraft:sand":7,"minecraft:hay_block":1,"minecraft:crafting_table":1},"minecraft:dropped":{"minecraft:brown_dye":1,"minecraft:chicken":1,"minecraft:feather":1,"minecraft:wooden_sword":1,"minecraft:oak_leaves":4,"projectvibrantjourneys:sea_oats":1,"minecraft:bone":1},"minecraft:custom":{"minecraft:time_since_rest":1909,"minecraft:sprint_one_cm":22189,"minecraft:damage_taken":640,"minecraft:walk_one_cm":100331,"minecraft:damage_blocked_by_shield":55,"minecraft:mob_kills":4,"minecraft:drop":7,"minecraft:damage_dealt":645,"minecraft:deaths":1,"minecraft:swim_one_cm":1624,"minecraft:interact_with_crafting_table":2,"minecraft:fly_one_cm":25104,"minecraft:open_chest":4,"minecraft:crouch_one_cm":911,"minecraft:play_time":39213,"tombstone:undead_killed":2,"minecraft:walk_under_water_one_cm":1028,"minecraft:sneak_time":703,"minecraft:jump":183,"minecraft:leave_game":2,"minecraft:walk_on_water_one_cm":265,"minecraft:time_since_death":0,"minecraft:sleep_in_bed":2,"minecraft:climb_one_cm":1206,"minecraft:total_world_time":39213,"minecraft:fall_one_cm":5963},"minecraft:mined":{"minecraft:hay_block":1,"projectvibrantjourneys:sea_oats":2,"minecraft:grass":2,"projectvibrantjourneys:short_grass":3,"minecraft:oak_log":8,"minecraft:dirt_path":2,"minecraft:sand":7,"minecraft:tall_grass":1,"minecraft:stone":16,"minecraft:oak_leaves":4}},"DataVersion":3465}