{"stats":{"minecraft:broken":{"minecraft:iron_boots":1,"minecraft:iron_chestplate":1,"minecraft:iron_sword":1,"minecraft:stone_sword":1,"aether:cold_parachute":2,"minecraft:iron_pickaxe":1,"minecraft:iron_helmet":1},"minecraft:crafted":{"minecraft:oak_planks":454,"minecraft:cobblestone_slab":6,"travelersbackpack:yellow_sleeping_bag":2,"minecraft:stone":12,"minecraft:glass":56,"minecraft:hopper":7,"minecraft:bow":24,"minecraft:diamond_helmet":1,"minecraft:diamond_leggings":1,"minecraft:iron_boots":2,"minecraft:chest":18,"aether:diamond_gloves":2,"minecraft:oak_button":4,"minecraft:stone_hoe":1,"minecraft:oak_slab":18,"travelersbackpack:iron_tier_upgrade":1,"minecraft:arrow":64,"minecraft:emerald":72,"minecraft:crafting_table":12,"minecraft:spruce_planks":828,"farmersdelight:iron_knife":1,"travelersbackpack:standard":2,"minecraft:wooden_pickaxe":2,"minecraft:iron_helmet":1,"minecraft:brown_dye":1,"minecraft:smithing_table":1,"minecraft:copper_ingot":43,"minecraft:fletching_table":1,"comforts:sleeping_bag_yellow":1,"minecraft:iron_chestplate":1,"minecraft:diamond_pickaxe":4,"minecraft:stick":2060,"minecraft:iron_ingot":30,"minecraft:iron_pickaxe":1,"minecraft:stone_sword":1,"minecraft:gold_ingot":161,"minecraft:sandstone":5,"minecraft:composter":2,"minecraft:wooden_sword":1,"ecologics:coconut_planks":20,"comforts:sleeping_bag_white":1,"minecraft:bone_meal":225,"travelersbackpack:blank_upgrade":4,"travelersbackpack:gold_tier_upgrade":1,"ecologics:coconut_slab":6,"minecraft:stone_pickaxe":1,"minecraft:diamond_boots":1,"aether:cold_parachute":2,"minecraft:wheat":513,"minecraft:cooked_cod":14,"minecraft:crossbow":16,"minecraft:diamond_sword":4,"travelersbackpack:backpack_tank":6,"minecraft:iron_sword":3,"better_mob_food:cooked_flesh":169,"minecraft:bucket":2,"minecraft:stone_axe":1,"minecraft:bread":160,"minecraft:air":0,"tombstone:decorative_grave_cross":1,"minecraft:golden_apple":10,"minecraft:raw_gold":63,"tombstone:dark_marble":4,"minecraft:iron_shovel":2,"minecraft:iron_leggings":2,"minecraft:torch":28,"minecraft:diamond_chestplate":1},"minecraft:killed_by":{"minecraft:creeper":6,"minecraft:zombie":11,"minecraft:player":4,"aether:slider":1,"minecraft:spider":4,"minecraft:enderman":1,"hordes:zombie_player":2,"minecraft:skeleton":4},"minecraft:used":{"minecraft:iron_shovel":81,"minecraft:oak_sign":5,"vampirism:altar_infusion":1,"comforts:sleeping_bag_yellow":6,"minecraft:chest":20,"minecraft:shield":2,"minecraft:iron_sword":459,"tombstone:lollipop":1,"ecologics:coconut_planks":12,"vampirism:hunter_axe_enhanced":9,"minecraft:rotten_flesh":7,"minecraft:iron_chestplate":1,"minecraft:soul_sand":1,"minecraft:skeleton_spawn_egg":1,"minecraft:tuff":1,"minecraft:milk_bucket":2,"minecraft:lava_bucket":9,"minecraft:villager_spawn_egg":2,"minecraft:grass_block":84,"minecraft:quartz_block":1,"minecraft:iron_helmet":1,"minecraft:deepslate_diamond_ore":45,"minecraft:stone_bricks":14,"minecraft:item_frame":1,"minecraft:birch_button":2,"minecraft:bow":174,"minecraft:hay_block":5,"minecraft:sweet_berries":2,"minecraft:oak_sapling":3,"minecraft:cooked_cod":14,"minecraft:composter":2,"minecraft:stone_pickaxe":68,"minecraft:oak_planks":48,"tombstone:decorative_grave_cross":4,"minecraft:diamond_axe":534,"minecraft:sandstone":10,"minecraft:wooden_pickaxe":6,"minecraft:golden_apple":13,"minecraft:sand":681,"minecraft:blast_furnace":3,"minecraft:deepslate_tiles":1,"psg:deepslate_sulphur_ore":7,"minecraft:deepslate_iron_ore":1,"minecraft:bread":112,"minecraft:deepslate":28,"tombstone:grave_key":10,"minecraft:iron_door":1,"minecraft:gravel":20,"ecologics:coconut_slice":2,"minecraft:diamond_sword":1371,"minecraft:wooden_sword":59,"minecraft:grindstone":2,"minecraft:smithing_table":1,"minecraft:birch_log":4,"minecraft:andesite":2,"minecraft:smooth_stone_slab":5,"minecraft:oak_fence":1,"minecraft:bone_meal":75,"projectvibrantjourneys:sandy_sprouts":1,"minecraft:experience_bottle":2,"minecraft:oak_trapdoor":1,"minecraft:iron_bars":1,"minecraft:stone_sword":129,"ecologics:crab_claw":4,"minecraft:spruce_planks":45,"minecraft:deepslate_gold_ore":22,"minecraft:stone_hoe":63,"minecraft:cooked_chicken":1,"minecraft:torch":143,"minecraft:dirt":99,"minecraft:anvil":2,"projectvibrantjourneys:sandstone_rocks":1,"minecraft:wheat":1,"minecraft:hopper":11,"minecraft:cobblestone_wall":5,"minecraft:diamond_helmet":1,"projectvibrantjourneys:bones":1,"ecologics:coconut_slab":6,"minecraft:iron_axe":8,"minecraft:oak_stairs":48,"minecraft:spawner":1,"minecraft:iron_boots":1,"better_mob_food:cooked_flesh":8,"minecraft:diamond_chestplate":1,"tombstone:gift":11,"overworld_netherite_ore:deepslate_ancient_debris_ore":4,"minecraft:cooked_beef":11,"aether:cold_parachute":2,"minecraft:cobbled_deepslate":50,"minecraft:iron_leggings":1,"minecraft:wheat_seeds":16,"minecraft:water_bucket":43,"farmersdelight:iron_knife":20,"minecraft:dirt_path":53,"minecraft:fletching_table":6,"minecraft:cobblestone_slab":159,"minecraft:leather_boots":1,"minecraft:mossy_cobblestone":7,"minecraft:crafting_table":12,"minecraft:white_bed":7,"k_turrets:deepslate_titanium_ore":2,"tombstone:bag_of_seeds":5,"minecraft:spruce_log":3,"minecraft:book":2,"minecraft:smoker":2,"aether:blue_berry":1,"minecraft:oak_log":9,"minecraft:diamond_pickaxe":1137,"minecraft:diamond_shovel":238,"travelersbackpack:bookshelf":3,"minecraft:iron_pickaxe":285,"minecraft:oak_button":4,"minecraft:spruce_sapling":41,"minecraft:stone_axe":104,"minecraft:cobblestone":364,"minecraft:jungle_door":1,"minecraft:bucket":51,"minecraft:yellow_bed":3,"minecraft:kelp":25,"minecraft:stripped_oak_log":8,"minecraft:diamond_leggings":1,"minecraft:splash_potion":1},"minecraft:custom":{"minecraft:animals_bred":2,"minecraft:interact_with_crafting_table":78,"minecraft:open_barrel":49,"minecraft:leave_game":20,"minecraft:time_since_death":257900,"minecraft:sprint_one_cm":788022,"minecraft:damage_blocked_by_shield":55,"minecraft:drop":480,"tombstone:eaten_lollipop":1,"vampirism:interact_with_totem":4,"minecraft:talked_to_villager":45,"minecraft:play_time":803396,"minecraft:deaths":40,"minecraft:interact_with_brewingstand":2,"minecraft:jump":7162,"minecraft:walk_on_water_one_cm":97851,"minecraft:enchant_item":24,"minecraft:interact_with_furnace":59,"vampirism:interact_with_research_table":3,"minecraft:traded_with_villager":107,"minecraft:sleep_in_bed":31,"tombstone:sneak_grave":2,"minecraft:damage_dealt":95222,"minecraft:player_kills":8,"minecraft:crouch_one_cm":147106,"tombstone:undead_killed":1590,"minecraft:interact_with_smoker":11,"minecraft:interact_with_smithing_table":5,"minecraft:interact_with_anvil":16,"minecraft:mob_kills":1719,"minecraft:inspect_hopper":7,"minecraft:damage_dealt_resisted":11904,"minecraft:climb_one_cm":29880,"minecraft:walk_one_cm":2473433,"vampirism:skills_unlocked":3,"minecraft:damage_dealt_absorbed":172,"minecraft:sneak_time":56718,"minecraft:walk_under_water_one_cm":88702,"minecraft:interact_with_lectern":2,"minecraft:interact_with_blast_furnace":24,"minecraft:total_world_time":803396,"vampirism:interact_with_injection_chair":6,"tombstone:raider_killed":2,"vampirism:interact_with_garlic_diffuser":3,"minecraft:interact_with_grindstone":10,"minecraft:time_since_rest":21327,"minecraft:damage_absorbed":163,"minecraft:damage_taken":18144,"minecraft:swim_one_cm":78046,"minecraft:fly_one_cm":1503343,"minecraft:open_chest":612,"minecraft:fall_one_cm":310784},"minecraft:killed":{"alexsmobs:lobster":1,"minecraft:zombified_piglin":1,"aether:sentry":1,"minecraft:spider":20,"minecraft:zombie_horse":5,"minecraft:skeleton":477,"minecraft:chicken":4,"ecologics:coconut_crab":1,"minecraft:silverfish":3,"alexsmobs:centipede_head":1,"aether:moa":1,"artifacts:mimic":4,"minecraft:pig":4,"minecraft:iron_golem":2,"aether:sheepuff":2,"aether:aerwhale":1,"minecraft:creeper":17,"aether:phyg":1,"vampirism:hunter":1,"minecraft:trader_llama":2,"minecraft:pillager":2,"minecraft:zombie":1091,"alexsmobs:fly":7,"mutantmonsters:mutant_creeper":1,"minecraft:cow":7,"hordes:zombie_player":5,"minecraft:phantom":4,"minecraft:horse":3,"alexsmobs:bison":1,"minecraft:drowned":4,"minecraft:husk":7,"minecraft:enderman":3},"minecraft:dropped":{"farmersdelight:iron_knife":1,"minecraft:iron_sword":1,"vampirism:human_heart":1,"minecraft:pitcher_pod":6,"minecraft:crossbow":24,"projectvibrantjourneys:bones":1,"travelersbackpack:standard":1,"projectvibrantjourneys:orange_bark_mushroom":1,"minecraft:leather_helmet":4,"minecraft:emerald":7,"minecraft:cyan_terracotta":2,"minecraft:dirt":16,"tombstone:bag_of_seeds":14,"projectvibrantjourneys:fallen_leaves":4,"minecraft:snowball":52,"minecraft:bone_meal":1,"minecraft:wooden_sword":2,"minecraft:sand":10,"minecraft:iron_pickaxe":3,"minecraft:birch_log":11,"projectvibrantjourneys:bark_mushroom":2,"minecraft:gold_ingot":17,"minecraft:bone":45,"minecraft:oak_door":1,"minecraft:gravel":1,"alexsmobs:centipede_leg":2,"minecraft:white_tulip":1,"minecraft:golden_chestplate":3,"ecologics:coconut_log":8,"minecraft:wheat":13,"minecraft:obsidian":11,"vampirism:holy_water_bottle_enhanced":1,"minecraft:beetroot":3,"minecraft:rotten_flesh":367,"minecraft:oak_planks":11,"minecraft:azure_bluet":1,"projectvibrantjourneys:sea_oats":16,"minecraft:chainmail_chestplate":1,"minecraft:poppy":1,"minecraft:leather_chestplate":5,"projectvibrantjourneys:light_brown_bark_mushroom":1,"minecraft:gunpowder":58,"artifacts:umbrella":2,"minecraft:beetroot_seeds":10,"minecraft:melon_seeds":3,"minecraft:leather_boots":6,"ecologics:coconut_husk":2,"minecraft:leather_leggings":4,"comforts:sleeping_bag_white":1,"minecraft:arrow":114,"minecraft:iron_bars":3,"minecraft:beef":12,"minecraft:oak_leaves":4,"vampirism:item_garlic":1,"farmersdelight:tomato_seeds":3,"minecraft:golden_boots":5,"minecraft:bread":38,"minecraft:wheat_seeds":38,"minecraft:mossy_cobblestone":1,"minecraft:golden_horse_armor":1,"vampirism:hunter_axe_enhanced":1,"ecologics:coconut_seedling":1,"minecraft:iron_helmet":3,"minecraft:feather":3,"minecraft:cobblestone":27,"minecraft:apple":2,"minecraft:spruce_stairs":1,"projectvibrantjourneys:rocks":1,"minecraft:stick":11,"minecraft:lava_bucket":1,"minecraft:rabbit":3,"travelersbackpack:blank_upgrade":2,"minecraft:jungle_door":1,"tombstone:grave_dust":37,"minecraft:iron_leggings":1,"projectvibrantjourneys:seashells":1,"minecraft:oak_stairs":1,"sophisticatedbackpacks:jukebox_upgrade":1,"artifacts:feral_claws":1,"minecraft:iron_shovel":4,"minecraft:chainmail_leggings":1,"minecraft:string":6,"minecraft:lily_pad":1,"minecraft:bucket":2,"artifacts:bunny_hoppers":1,"alexsmobs:maggot":12,"minecraft:brown_dye":1,"minecraft:coarse_dirt":1,"minecraft:cobblestone_wall":1,"minecraft:cocoa_beans":3,"minecraft:smooth_stone_slab":14,"minecraft:tuff":5,"farmersdelight:cabbage_seeds":2,"minecraft:chicken":2,"minecraft:iron_boots":1,"minecraft:torchflower_seeds":1,"minecraft:pumpkin_seeds":7,"pointblank:gunmetal_nugget":169,"minecraft:diamond_sword":1,"minecraft:cobblestone_slab":1,"alexsmobs:lobster_tail":2,"aether:iron_gloves":2,"minecraft:bundle":34,"minecraft:iron_chestplate":1,"minecraft:diamond_pickaxe":3,"minecraft:mossy_stone_bricks":4,"minecraft:golden_leggings":8,"better_mob_food:cooked_flesh":4,"minecraft:spider_eye":4,"vampirism:crucifix_normal":1,"aether:holystone":1,"minecraft:stone_bricks":15,"minecraft:sandstone":1,"sophisticatedbackpacks:copper_backpack":1,"minecraft:bow":65,"minecraft:wooden_pickaxe":1,"artifacts:fire_gauntlet":1},"minecraft:mined":{"minecraft:farmland":1,"minecraft:spruce_planks":14,"minecraft:white_bed":3,"aether:cold_aercloud":10,"minecraft:brewing_stand":2,"minecraft:obsidian":7,"minecraft:grass_block":100,"ecologics:coconut_leaves":1,"minecraft:composter":2,"minecraft:hopper":4,"minecraft:oak_wall_sign":2,"minecraft:spawner":7,"minecraft:tall_seagrass":1,"minecraft:iron_ore":74,"minecraft:cobbled_deepslate":1,"minecraft:deepslate_lapis_ore":6,"minecraft:fletching_table":3,"minecraft:dirt_path":8,"minecraft:iron_bars":3,"minecraft:oak_stairs":4,"minecraft:blue_orchid":1,"minecraft:green_bed":1,"projectvibrantjourneys:cattail":3,"minecraft:deepslate_redstone_ore":36,"minecraft:quartz_block":6,"minecraft:cyan_terracotta":5,"projectvibrantjourneys:sea_oats":30,"minecraft:blackstone":2,"minecraft:kelp_plant":5,"minecraft:smoker":4,"minecraft:blue_stained_glass":2,"minecraft:clay":1,"minecraft:torch":5,"projectvibrantjourneys:twigs":1,"minecraft:blast_furnace":5,"minecraft:chest":2,"minecraft:white_stained_glass_pane":4,"minecraft:glass":2,"minecraft:cobblestone":75,"minecraft:oak_planks":5,"minecraft:grindstone":2,"projectvibrantjourneys:fallen_leaves":3,"minecraft:wall_torch":4,"minecraft:seagrass":3,"minecraft:white_terracotta":1,"minecraft:birch_log":15,"minecraft:yellow_wool":11,"minecraft:wheat":14,"projectvibrantjourneys:bones":1,"aether:aether_grass_block":1,"minecraft:orange_tulip":1,"overworld_netherite_ore:deepslate_ancient_debris_ore":16,"minecraft:smooth_stone_slab":15,"minecraft:beetroots":2,"minecraft:grass":60,"minecraft:oak_log":192,"projectvibrantjourneys:short_grass":30,"minecraft:sand":274,"minecraft:dirt":9,"aether:ambrosium_ore":3,"minecraft:oak_leaves":20,"minecraft:deepslate":196,"minecraft:deepslate_tiles":1,"minecraft:diamond_ore":9,"minecraft:tuff":15,"ecologics:coconut_planks":3,"minecraft:blue_stained_glass_pane":3,"minecraft:mossy_cobblestone":8,"minecraft:deepslate_diamond_ore":207,"minecraft:oak_door":1,"projectvibrantjourneys:rocks":9,"travelersbackpack:bookshelf":2,"ecologics:coconut_log":13,"minecraft:spruce_leaves":20,"minecraft:kelp":1,"minecraft:sandstone":3,"minecraft:large_fern":4,"minecraft:hay_block":64,"minecraft:redstone_ore":7,"minecraft:carrots":6,"vampirism:potion_table":1,"minecraft:spruce_sapling":8,"minecraft:furnace":1,"minecraft:andesite":5,"minecraft:potatoes":9,"minecraft:bookshelf":9,"minecraft:cobblestone_slab":1,"vampirism:altar_infusion":1,"minecraft:deepslate_iron_ore":64,"minecraft:vine":3,"projectvibrantjourneys:seashells":2,"minecraft:white_tulip":2,"minecraft:stone":447,"minecraft:white_wool":9,"projectvibrantjourneys:icicle":1,"minecraft:podzol":1,"minecraft:smithing_table":1,"minecraft:light_gray_carpet":1,"minecraft:flowering_azalea":1,"minecraft:glass_pane":4,"ecologics:coconut_slab":2,"minecraft:infested_stone_bricks":2,"psg:deepslate_sulphur_ore":8,"minecraft:oak_fence":1,"minecraft:emerald_ore":16,"vampirism:alchemical_cauldron":1,"minecraft:lectern":2,"projectvibrantjourneys:mossy_rocks":2,"minecraft:tall_grass":36,"minecraft:lapis_ore":3,"minecraft:deepslate_gold_ore":68,"minecraft:lily_pad":1,"farmersdelight:wild_beetroots":2,"minecraft:spruce_stairs":1,"minecraft:coarse_dirt":2,"minecraft:cobblestone_wall":4,"k_turrets:deepslate_titanium_ore":7,"minecraft:sweet_berry_bush":3,"minecraft:white_carpet":1,"minecraft:spruce_log":328,"aether:berry_bush":1,"minecraft:yellow_bed":3,"projectvibrantjourneys:sandy_sprouts":4,"minecraft:coal_ore":30,"minecraft:gravel":28,"minecraft:cobweb":11,"minecraft:cracked_stone_bricks":1,"minecraft:stone_bricks":28,"minecraft:mossy_stone_bricks":2,"minecraft:gold_ore":17,"projectvibrantjourneys:oak_hollow_log":5,"minecraft:fern":2},"minecraft:picked_up":{"aether:carved_stone":1,"vampirism:injection_garlic":1,"minecraft:iron_chestplate":1,"minecraft:wheat":14,"minecraft:yellow_wool":11,"artifacts:bunny_hoppers":2,"artifacts:umbrella":2,"minecraft:smithing_table":1,"minecraft:lead":3,"minecraft:diamond_sword":1,"minecraft:oak_stairs":4,"minecraft:enchanted_book":3,"minecraft:brewing_stand":2,"securitycraft:reinforced_cobblestone_slab":1,"minecraft:string":42,"minecraft:smooth_stone_slab":19,"minecraft:iron_leggings":1,"minecraft:oak_sign":5,"minecraft:beetroot":3,"minecraft:deepslate_tiles":1,"minecraft:gold_nugget":3,"minecraft:cobbled_deepslate":122,"minecraft:bucket":1,"minecraft:spruce_planks":14,"minecraft:white_tulip":3,"minecraft:redstone_torch":1,"minecraft:cobblestone_slab":1,"minecraft:iron_pickaxe":1,"minecraft:deepslate_iron_ore":1,"ecologics:crab_claw":2,"minecraft:iron_boots":1,"minecraft:furnace":1,"minecraft:stick":52,"minecraft:composter":2,"minecraft:jungle_door":2,"ecologics:coconut_seedling":1,"minecraft:oak_fence":1,"minecraft:torch":24,"minecraft:green_bed":1,"minecraft:spruce_stairs":1,"minecraft:porkchop":13,"vampirism:alchemical_cauldron":1,"vampirism:holy_water_bottle_enhanced":1,"tombstone:grave_dust":137,"alexsmobs:centipede_leg":6,"tombstone:lollipop":1,"minecraft:quartz_block":5,"minecraft:stone_sword":1,"projectvibrantjourneys:seashells":1,"minecraft:rotten_flesh":570,"ecologics:coconut_log":13,"minecraft:red_tulip":1,"minecraft:cyan_terracotta":5,"comforts:sleeping_bag_yellow":6,"minecraft:obsidian":7,"minecraft:iron_bars":4,"minecraft:snowball":52,"alexsmobs:lobster_tail":2,"minecraft:cobblestone":192,"minecraft:birch_log":15,"minecraft:leather_chestplate":2,"vampirism:vampire_book":2,"minecraft:feather":8,"minecraft:cooked_beef":5,"minecraft:water_bucket":1,"minecraft:andesite":3,"ecologics:coconut_planks":3,"projectvibrantjourneys:fallen_leaves":4,"minecraft:golden_leggings":1,"minecraft:potato":35,"minecraft:smoker":4,"travelersbackpack:ocelot":1,"minecraft:flint":3,"minecraft:tuff":14,"projectvibrantjourneys:rocks":2,"projectvibrantjourneys:oak_hollow_log":5,"minecraft:lapis_lazuli":56,"minecraft:dirt":128,"minecraft:leather_boots":3,"travelersbackpack:bookshelf":2,"minecraft:bone":237,"minecraft:bow":32,"minecraft:wheat_seeds":62,"minecraft:orange_tulip":1,"aether:holystone":1,"minecraft:raw_gold":91,"minecraft:grindstone":2,"aether:cold_aercloud":10,"minecraft:mossy_stone_bricks":4,"minecraft:fletching_table":3,"minecraft:rabbit":3,"travelersbackpack:gold":1,"minecraft:oak_planks":56,"minecraft:stone_hoe":1,"vampirism:potion_table":1,"vampirism:crucifix_normal":2,"minecraft:sand":399,"ecologics:coconut_husk":2,"overworld_netherite_ore:large_ancient_shard":4,"projectvibrantjourneys:beach_grass":5,"sophisticatedbackpacks:iron_backpack":2,"farmersdelight:ham":2,"alexsmobs:animal_dictionary":2,"minecraft:mossy_cobblestone":9,"k_turrets:deepslate_titanium_ore":2,"minecraft:bundle":20,"minecraft:deepslate":76,"minecraft:diamond":221,"vampirism:oil_bottle":1,"minecraft:deepslate_gold_ore":22,"aether:ambrosium_shard":6,"overworld_netherite_ore:deepslate_ancient_debris_ore":4,"minecraft:crossbow":8,"aether:swet_ball":1,"minecraft:bone_meal":1,"minecraft:golden_apple":2,"minecraft:bread":66,"minecraft:emerald":7,"alexsmobs:maggot":17,"minecraft:oak_sapling":46,"aether:blue_aercloud":1,"minecraft:oak_leaves":4,"minecraft:diamond_pickaxe":3,"sophisticatedbackpacks:gold_backpack":2,"minecraft:coarse_dirt":2,"minecraft:azure_bluet":1,"artifacts:night_vision_goggles":3,"minecraft:chicken":9,"minecraft:clay_ball":4,"aether:aether_dirt":1,"minecraft:brown_mushroom":3,"minecraft:wooden_pickaxe":1,"minecraft:pink_wool":1,"minecraft:shield":3,"aether:blue_berry":3,"minecraft:moss_carpet":3,"minecraft:wooden_sword":3,"artifacts:feral_claws":2,"minecraft:item_frame":1,"minecraft:white_carpet":1,"minecraft:blackstone":2,"minecraft:cracked_stone_bricks":1,"minecraft:deepslate_diamond_ore":45,"minecraft:beef":12,"minecraft:cyan_wool":1,"projectvibrantjourneys:sandy_sprouts":3,"minecraft:poppy":1,"minecraft:lectern":2,"ecologics:coconut_slab":2,"minecraft:chest":3,"minecraft:egg":1,"minecraft:raw_iron":137,"minecraft:sandstone":1,"minecraft:stone":3,"minecraft:oak_door":1,"ecologics:coconut_slice":14,"minecraft:copper_ingot":4,"projectvibrantjourneys:bark_mushroom":4,"artifacts:vampiric_glove":1,"pointblank:gunmetal_nugget":1014,"minecraft:trident":1,"minecraft:carrot":20,"minecraft:redstone":179,"minecraft:arrow":170,"artifacts:cowboy_hat":5,"minecraft:beetroot_seeds":17,"k_turrets:raw_titanium":3,"minecraft:hay_block":112,"tombstone:essence_of_undeath":4,"sophisticatedbackpacks:copper_backpack":4,"minecraft:mutton":4,"minecraft:white_wool":9,"minecraft:glow_ink_sac":4,"minecraft:leather":21,"minecraft:red_mushroom":2,"artifacts:onion_ring":1,"overworld_netherite_ore:ancientdebrispiece":11,"minecraft:oak_log":200,"minecraft:chainmail_chestplate":1,"minecraft:lily_pad":1,"minecraft:yellow_bed":3,"minecraft:cobblestone_wall":11,"minecraft:gunpowder":51,"tombstone:decorative_grave_cross":1,"projectvibrantjourneys:sea_oats":29,"tombstone:gift":1,"vampirism:human_heart":1,"minecraft:apple":11,"minecraft:stone_bricks":29,"minecraft:kelp":61,"projectvibrantjourneys:sandstone_rocks":1,"minecraft:rabbit_hide":2,"minecraft:iron_ingot":3,"minecraft:oak_fence_gate":1,"minecraft:stone_pickaxe":2,"tombstone:bag_of_seeds":20,"psg:deepslate_sulphur_ore":8,"minecraft:iron_sword":2,"minecraft:flowering_azalea":1,"minecraft:soul_sand":14,"minecraft:book":27,"projectvibrantjourneys:light_brown_bark_mushroom":3,"minecraft:sweet_berries":3,"minecraft:dandelion":1,"minecraft:gravel":31,"projectvibrantjourneys:bones":2,"minecraft:spruce_sapling":43,"minecraft:blast_furnace":5,"minecraft:white_bed":3,"minecraft:spruce_log":328,"vampirism:altar_infusion":1,"artifacts:scarf_of_invisibility":3,"minecraft:spider_eye":28,"minecraft:leather_helmet":3,"minecraft:slime_ball":7,"minecraft:stone_axe":2,"minecraft:chainmail_leggings":1,"minecraft:iron_helmet":1,"projectvibrantjourneys:orange_bark_mushroom":1,"tombstone:magic_scroll":16,"aether:golden_dart":7,"minecraft:coal":30,"minecraft:hopper":4,"minecraft:ender_pearl":5}},"DataVersion":3465}