{"stats":{"minecraft:custom":{"minecraft:mob_kills":16,"vampirism:interact_with_garlic_diffuser":2,"minecraft:interact_with_crafting_table":9,"vampirism:interact_with_research_table":2,"minecraft:open_barrel":7,"minecraft:damage_dealt_resisted":106,"minecraft:leave_game":4,"minecraft:time_since_death":22318,"minecraft:sleep_in_bed":7,"minecraft:climb_one_cm":3077,"minecraft:time_since_rest":5217,"minecraft:sprint_one_cm":85111,"minecraft:damage_taken":2747,"minecraft:walk_one_cm":329647,"minecraft:damage_blocked_by_shield":55,"minecraft:drop":20,"minecraft:damage_dealt":2842,"minecraft:play_time":96221,"minecraft:crouch_one_cm":3316,"minecraft:sneak_time":2036,"minecraft:swim_one_cm":21809,"tombstone:undead_killed":11,"minecraft:fly_one_cm":153857,"minecraft:deaths":8,"minecraft:open_chest":36,"minecraft:walk_under_water_one_cm":9428,"minecraft:interact_with_lectern":1,"minecraft:jump":862,"minecraft:walk_on_water_one_cm":6042,"minecraft:total_world_time":96221,"minecraft:fall_one_cm":24732},"minecraft:killed":{"hordes:zombie_player":5,"minecraft:spider":3,"minecraft:skeleton":2,"minecraft:zombie":3,"minecraft:chicken":1,"ecologics:coconut_crab":1,"minecraft:drowned":1},"minecraft:dropped":{"minecraft:brown_dye":1,"minecraft:wheat_seeds":1,"vampirism:hunter_axe_enhanced":1,"minecraft:beetroot":1,"minecraft:chicken":1,"minecraft:feather":1,"minecraft:rotten_flesh":4,"projectvibrantjourneys:sea_oats":16,"pointblank:gunmetal_nugget":13,"minecraft:stick":5,"minecraft:bundle":1,"minecraft:beetroot_seeds":2,"ecologics:coconut_husk":2,"minecraft:wooden_sword":2,"minecraft:wooden_pickaxe":1,"minecraft:oak_leaves":4,"minecraft:bone":1},"minecraft:killed_by":{"minecraft:zombie":1,"hordes:zombie_player":2},"minecraft:picked_up":{"minecraft:coarse_dirt":1,"minecraft:feather":1,"minecraft:chicken":1,"minecraft:yellow_wool":2,"minecraft:wooden_pickaxe":1,"minecraft:enchanted_book":1,"minecraft:oak_log":13,"minecraft:shield":3,"minecraft:cobblestone_wall":1,"projectvibrantjourneys:sea_oats":16,"minecraft:string":5,"minecraft:dirt":2,"minecraft:wooden_sword":3,"minecraft:leather_boots":3,"minecraft:bone":1,"minecraft:beetroot":1,"minecraft:apple":9,"minecraft:wheat_seeds":2,"projectvibrantjourneys:sandstone_rocks":1,"minecraft:stone_pickaxe":2,"tombstone:bag_of_seeds":1,"projectvibrantjourneys:sandy_sprouts":1,"minecraft:lectern":1,"minecraft:stone_hoe":1,"minecraft:oak_planks":16,"ecologics:crab_claw":1,"projectvibrantjourneys:light_brown_bark_mushroom":1,"minecraft:stick":8,"minecraft:sweet_berries":2,"ecologics:coconut_slice":10,"minecraft:torch":1,"projectvibrantjourneys:bones":1,"ecologics:coconut_husk":2,"pointblank:gunmetal_nugget":26,"minecraft:sand":70,"tombstone:grave_dust":2,"minecraft:spider_eye":1,"alexsmobs:animal_dictionary":1,"minecraft:bundle":1,"minecraft:rotten_flesh":6,"minecraft:quartz_block":2,"minecraft:stone_sword":1,"minecraft:arrow":4,"artifacts:cowboy_hat":2,"minecraft:stone_axe":1,"minecraft:beetroot_seeds":2,"minecraft:hay_block":111,"minecraft:bread":40,"tombstone:essence_of_undeath":2,"minecraft:oak_sapling":2,"minecraft:white_wool":2,"minecraft:oak_leaves":4,"minecraft:cobblestone":35},"minecraft:used":{"projectvibrantjourneys:sandy_sprouts":1,"ecologics:crab_claw":4,"minecraft:stone_sword":24,"minecraft:stone_pickaxe":15,"minecraft:chest":1,"minecraft:wooden_pickaxe":6,"minecraft:shield":2,"vampirism:hunter_axe_enhanced":8,"minecraft:leather_boots":1,"minecraft:rotten_flesh":1,"minecraft:stone_hoe":63,"minecraft:torch":1,"minecraft:sand":39,"minecraft:dirt":2,"projectvibrantjourneys:sandstone_rocks":1,"minecraft:crafting_table":4,"projectvibrantjourneys:bones":1,"minecraft:book":2,"tombstone:bag_of_seeds":1,"minecraft:oak_log":1,"minecraft:oak_button":4,"minecraft:bread":18,"ecologics:coconut_slice":2,"minecraft:stone_axe":7,"minecraft:wooden_sword":59,"tombstone:grave_key":4,"minecraft:hay_block":4,"minecraft:sweet_berries":2,"tombstone:gift":6},"minecraft:crafted":{"minecraft:wooden_sword":1,"minecraft:oak_planks":48,"minecraft:crafting_table":4,"minecraft:spruce_planks":40,"minecraft:wooden_pickaxe":2,"minecraft:brown_dye":1,"minecraft:stone_axe":1,"minecraft:bread":21,"minecraft:stick":16,"minecraft:stone_pickaxe":1,"minecraft:stone_sword":1,"minecraft:chest":1,"minecraft:oak_button":4,"minecraft:stone_hoe":1,"minecraft:wheat":63},"minecraft:mined":{"minecraft:podzol":1,"minecraft:quartz_block":2,"projectvibrantjourneys:sea_oats":18,"minecraft:lectern":1,"minecraft:tall_grass":8,"minecraft:wall_torch":1,"minecraft:white_terracotta":1,"minecraft:large_fern":1,"minecraft:hay_block":62,"farmersdelight:wild_beetroots":2,"minecraft:coarse_dirt":1,"minecraft:cobblestone_wall":1,"minecraft:yellow_wool":2,"minecraft:sweet_berry_bush":1,"minecraft:grass":13,"projectvibrantjourneys:short_grass":6,"projectvibrantjourneys:sandy_sprouts":1,"minecraft:oak_log":15,"minecraft:dirt_path":2,"minecraft:sand":48,"minecraft:stone":16,"minecraft:white_wool":3,"minecraft:oak_leaves":7}},"DataVersion":3465}