{"stats":{"minecraft:crafted":{"minecraft:wooden_sword":1,"minecraft:oak_planks":28,"minecraft:crafting_table":3,"minecraft:wooden_pickaxe":1,"minecraft:brown_dye":1,"minecraft:stone_axe":1,"minecraft:stick":12,"minecraft:stone_pickaxe":1,"minecraft:stone_sword":1,"minecraft:stone_hoe":1},"minecraft:killed":{"hordes:zombie_player":4,"minecraft:spider":1,"minecraft:skeleton":2,"minecraft:zombie":3,"minecraft:chicken":1,"minecraft:drowned":1,"ecologics:coconut_crab":1},"minecraft:picked_up":{"minecraft:feather":1,"minecraft:chicken":1,"minecraft:wooden_pickaxe":1,"minecraft:oak_log":8,"minecraft:shield":2,"projectvibrantjourneys:sea_oats":16,"minecraft:string":2,"minecraft:dirt":2,"minecraft:wooden_sword":3,"minecraft:leather_boots":2,"minecraft:bone":1,"minecraft:beetroot":1,"minecraft:apple":6,"minecraft:wheat_seeds":1,"projectvibrantjourneys:sandstone_rocks":1,"minecraft:stone_pickaxe":1,"tombstone:bag_of_seeds":1,"minecraft:lectern":1,"minecraft:oak_planks":11,"ecologics:crab_claw":1,"projectvibrantjourneys:light_brown_bark_mushroom":1,"minecraft:stick":8,"ecologics:coconut_slice":10,"projectvibrantjourneys:bones":1,"pointblank:gunmetal_nugget":17,"minecraft:sand":8,"ecologics:coconut_husk":2,"tombstone:grave_dust":1,"minecraft:rotten_flesh":5,"alexsmobs:animal_dictionary":1,"artifacts:cowboy_hat":1,"minecraft:arrow":4,"minecraft:bundle":1,"minecraft:beetroot_seeds":2,"minecraft:hay_block":54,"minecraft:bread":22,"minecraft:oak_leaves":4,"minecraft:cobblestone":29},"minecraft:killed_by":{"minecraft:zombie":1,"hordes:zombie_player":2},"minecraft:used":{"minecraft:stone_sword":19,"ecologics:crab_claw":4,"minecraft:stone_pickaxe":15,"minecraft:wooden_pickaxe":3,"minecraft:shield":2,"minecraft:stone_hoe":63,"minecraft:leather_boots":1,"minecraft:sand":7,"minecraft:dirt":2,"projectvibrantjourneys:sandstone_rocks":1,"minecraft:crafting_table":3,"projectvibrantjourneys:bones":1,"tombstone:bag_of_seeds":1,"minecraft:oak_log":1,"minecraft:bread":12,"ecologics:coconut_slice":2,"minecraft:wooden_sword":59,"minecraft:hay_block":4,"tombstone:gift":5},"minecraft:custom":{"minecraft:mob_kills":13,"minecraft:interact_with_crafting_table":6,"minecraft:damage_dealt_resisted":75,"minecraft:leave_game":2,"minecraft:time_since_death":17470,"minecraft:sleep_in_bed":5,"minecraft:climb_one_cm":1206,"minecraft:time_since_rest":1199,"minecraft:sprint_one_cm":47955,"minecraft:damage_taken":1442,"minecraft:walk_one_cm":197036,"minecraft:damage_blocked_by_shield":55,"minecraft:drop":19,"minecraft:damage_dealt":2289,"minecraft:swim_one_cm":4604,"minecraft:fly_one_cm":78398,"minecraft:open_chest":12,"minecraft:crouch_one_cm":1287,"minecraft:play_time":63213,"tombstone:undead_killed":10,"minecraft:deaths":3,"minecraft:sneak_time":855,"minecraft:walk_under_water_one_cm":2289,"minecraft:jump":434,"minecraft:walk_on_water_one_cm":3274,"minecraft:total_world_time":63213,"minecraft:fall_one_cm":11018},"minecraft:dropped":{"minecraft:brown_dye":1,"minecraft:wheat_seeds":1,"minecraft:beetroot":1,"minecraft:chicken":1,"minecraft:feather":1,"minecraft:rotten_flesh":4,"projectvibrantjourneys:sea_oats":16,"pointblank:gunmetal_nugget":13,"minecraft:stick":5,"minecraft:bundle":1,"minecraft:beetroot_seeds":2,"ecologics:coconut_husk":2,"minecraft:wooden_sword":2,"minecraft:wooden_pickaxe":1,"minecraft:oak_leaves":4,"minecraft:bone":1},"minecraft:mined":{"projectvibrantjourneys:sea_oats":18,"minecraft:lectern":1,"minecraft:tall_grass":6,"minecraft:white_terracotta":1,"minecraft:large_fern":1,"minecraft:hay_block":55,"farmersdelight:wild_beetroots":2,"minecraft:grass":12,"minecraft:oak_log":8,"projectvibrantjourneys:short_grass":6,"minecraft:dirt_path":2,"minecraft:sand":9,"minecraft:stone":16,"minecraft:oak_leaves":7}},"DataVersion":3465}