{"stats":{"minecraft:crafted":{"immersive_aircraft:engine":2,"minecraft:black_dye":1,"minecraft:bookshelf":10,"minecraft:glass":12,"ecologics:flowering_azalea_planks":16,"minecraft:diamond_helmet":1,"minecraft:diamond_leggings":1,"ecologics:flowering_azalea_fence":12,"psg:potassium":1,"max_armory:iron_machete":1,"minecraft:prismarine_shard":9,"psg:saltpetre":2,"minecraft:copper_ingot":343,"ecologics:sandcastle":1,"immersive_aircraft:propeller":4,"marbledsapi:raw_steel":4,"minecraft:compass":1,"minecraft:iron_pickaxe":6,"minecraft:iron_block":3,"minecraft:light_gray_dye":1,"marbledsarsenal:combat_helmet":1,"pointblank:guninternals":8,"minecraft:iron_nugget":9,"immersive_aircraft:biplane":2,"minecraft:bone_meal":9,"map_atlases:atlas":1,"minecraft:stone_pickaxe":1,"minecraft:diamond_boots":1,"marbledsarsenal:helmet_cm6m_gas_mask":1,"minecraft:wheat":306,"minecraft:coal_block":3,"pointblank:processor":1,"minecraft:enchanting_table":1,"better_mob_food:cooked_flesh":190,"minecraft:gunpowder":5,"minecraft:iron_leggings":2,"minecraft:white_bed":1,"minecraft:oak_planks":190,"minecraft:iron_boots":2,"immersive_aircraft:hull":6,"minecraft:chest":6,"marbledsapi:steel_ingot":8,"minecraft:oak_fence":15,"minecraft:raw_iron_block":13,"minecraft:smoker":1,"pointblank:printer":1,"pointblank:gunmetal_mesh":33,"minecraft:map":1,"minecraft:crafting_table":7,"minecraft:spruce_planks":4,"minecraft:wooden_pickaxe":1,"minecraft:baked_potato":5,"minecraft:iron_helmet":2,"minecraft:birch_planks":8,"minecraft:book":7,"minecraft:iron_chestplate":2,"minecraft:paper":9,"minecraft:diamond_pickaxe":1,"minecraft:stick":84,"minecraft:iron_ingot":163,"ecologics:pot":1,"minecraft:wooden_sword":4,"minecraft:raw_iron":144,"minecraft:coal":63,"minecraft:furnace":8,"minecraft:blast_furnace":2,"minecraft:piston":4,"minecraft:glass_pane":16,"max_armory:stone_long_sword":1,"minecraft:iron_axe":1,"minecraft:netherite_scrap":1,"minecraft:sugar":1,"minecraft:cooked_cod":2,"immersive_aircraft:boiler":2,"max_armory:handle":3,"pointblank:gunmetal_ingot":40,"minecraft:iron_sword":1,"minecraft:mangrove_planks":12,"minecraft:bucket":3,"minecraft:air":0,"minecraft:bread":102,"minecraft:white_dye":3,"minecraft:anvil":1,"minecraft:torch":124,"ecologics:azalea_planks":60,"minecraft:diamond_chestplate":1,"minecraft:firework_rocket":9},"minecraft:custom":{"minecraft:interact_with_crafting_table":114,"minecraft:open_barrel":30,"minecraft:bell_ring":28,"minecraft:leave_game":10,"minecraft:time_since_death":610,"minecraft:play_time":760118,"minecraft:deaths":31,"minecraft:jump":6866,"minecraft:interact_with_furnace":73,"minecraft:interact_with_cartography_table":2,"minecraft:sleep_in_bed":20,"minecraft:damage_dealt":96500,"minecraft:interact_with_smoker":51,"minecraft:interact_with_smithing_table":2,"minecraft:interact_with_anvil":11,"minecraft:inspect_hopper":4,"minecraft:damage_dealt_absorbed":271,"minecraft:target_hit":2,"minecraft:sneak_time":37210,"minecraft:interact_with_blast_furnace":71,"minecraft:total_world_time":760118,"minecraft:time_since_rest":638,"minecraft:swim_one_cm":176150,"minecraft:fly_one_cm":1332849,"minecraft:open_chest":557,"minecraft:fall_one_cm":161389,"minecraft:animals_bred":8,"minecraft:sprint_one_cm":545796,"minecraft:drop":632,"minecraft:talked_to_villager":15,"minecraft:walk_on_water_one_cm":104645,"minecraft:player_kills":13,"minecraft:crouch_one_cm":77063,"minecraft:mob_kills":536,"minecraft:damage_dealt_resisted":4622,"minecraft:climb_one_cm":3698,"minecraft:walk_one_cm":3256624,"minecraft:walk_under_water_one_cm":112491,"minecraft:boat_one_cm":382299,"minecraft:interact_with_grindstone":1,"minecraft:damage_taken":15811,"minecraft:damage_absorbed":107},"minecraft:killed_by":{"minecraft:zombie":5,"minecraft:husk":1,"hordes:zombie_player":6,"minecraft:player":13},"minecraft:picked_up":{"minecraft:iron_chestplate":12,"minecraft:prismarine_shard":11,"minecraft:smithing_table":2,"minecraft:lead":2,"minecraft:diamond_sword":22,"minecraft:oak_stairs":4,"minecraft:enchanted_book":10,"minecraft:brewing_stand":5,"minecraft:string":72,"minecraft:explorer_pottery_sherd":1,"minecraft:beetroot":1,"minecraft:diamond_leggings":5,"minecraft:cobbled_deepslate":136,"max_armory:iron_hammer":1,"minecraft:mangrove_log":7,"minecraft:golden_helmet":1,"pointblank:gunmetal_ingot":5,"ecologics:flowering_azalea_planks":16,"marbledsarsenal:police_baton":3,"minecraft:composter":2,"marbledsarsenal:riot_armor_chestplate":9,"psg:sulphur":39,"minecraft:golden_chestplate":1,"minecraft:cauldron":2,"max_armory:handle":1,"minecraft:orange_bed":1,"pointblank:m1911a1":4,"farmersdelight:onion":6,"minecraft:cyan_terracotta":3,"minecraft:bookshelf":2,"minecraft:white_terracotta":18,"alexsmobs:flying_fish":1,"minecraft:birch_log":12,"farmersdelight:rice":12,"minecraft:feather":5,"minecraft:cooked_beef":34,"minecraft:water_bucket":11,"minecraft:flint":5,"minecraft:stonecutter":2,"minecraft:moss_block":5,"minecraft:diamond_helmet":8,"minecraft:ink_sac":9,"overworld_netherite_ore:large_ancient_shard":5,"alexsmobs:animal_dictionary":1,"minecraft:barrel":1,"minecraft:polished_andesite":9,"ecologics:azalea_planks":60,"minecraft:bread":205,"immersive_aircraft:steel_boiler":1,"minecraft:bricks":9,"minecraft:diamond_pickaxe":17,"minecraft:mud":1,"minecraft:crafting_table":9,"minecraft:coarse_dirt":6,"ecologics:seashell":2,"minecraft:cornflower":1,"tacz:ammo":780,"minecraft:iron_shovel":5,"marbledsarsenal:riot_armor_leggings":9,"minecraft:iron_nugget":12,"minecraft:poppy":7,"minecraft:birch_sapling":7,"minecraft:egg":83,"minecraft:sandstone":2,"minecraft:raw_gold_block":1,"minecraft:oak_door":2,"minecraft:spruce_fence":3,"pointblank:gunmetal_nugget":674,"minecraft:skull_pottery_sherd":1,"minecraft:carrot":45,"minecraft:redstone":106,"minecraft:tnt":3,"minecraft:stone_shovel":2,"minecraft:diamond_chestplate":5,"minecraft:cooked_cod":3,"minecraft:beetroot_seeds":2,"minecraft:diamond_boots":5,"minecraft:hay_block":39,"minecraft:gold_ingot":15,"sophisticatedbackpacks:copper_backpack":25,"minecraft:glow_berries":2,"minecraft:mutton":10,"minecraft:white_wool":7,"minecraft:oxeye_daisy":3,"minecraft:stripped_oak_log":6,"ecologics:flowering_azalea_log":4,"immersive_aircraft:nether_engine":1,"projectvibrantjourneys:icicle":1,"minecraft:red_mushroom":8,"minecraft:filled_map":1,"overworld_netherite_ore:ancientdebrispiece":12,"minecraft:oak_log":69,"minecraft:lily_pad":6,"marbledsarsenal:cm6m_gas_mask":5,"minecraft:paper":33,"marbledsarsenal:helmet_cm6m_gas_mask":7,"minecraft:white_banner":1,"pointblank:deserteagle":4,"minecraft:apple":25,"minecraft:kelp":15,"minecraft:oak_fence_gate":2,"minecraft:stone_pickaxe":1,"minecraft:mangrove_planks":10,"minecraft:arms_up_pottery_sherd":1,"minecraft:iron_sword":2,"minecraft:flowering_azalea":5,"minecraft:smooth_basalt":2,"immersive_aircraft:cargo_airship":1,"immersive_aircraft:sturdy_pipes":1,"minecraft:gravel":40,"minecraft:prize_pottery_sherd":2,"minecraft:spruce_sapling":4,"minecraft:spruce_log":3,"minecraft:diamond_shovel":13,"minecraft:purple_bed":2,"minecraft:slime_ball":16,"minecraft:stone_axe":1,"tacz:modern_kinetic_gun":17,"pointblank:ammo50ae":200,"minecraft:diamond_axe":10,"minecraft:baked_potato":24,"projectvibrantjourneys:orange_bark_mushroom":1,"projectvibrantjourneys:twigs":3,"minecraft:ender_pearl":1,"minecraft:wheat":13,"minecraft:potion":1,"projectvibrantjourneys:mossy_rocks":2,"minecraft:raw_copper":292,"minecraft:smooth_stone_slab":10,"minecraft:iron_leggings":7,"minecraft:zombie_head":18,"minecraft:experience_bottle":1,"minecraft:smooth_stone":9,"minecraft:bucket":8,"minecraft:azalea":19,"minecraft:iron_pickaxe":12,"minecraft:iron_boots":12,"minecraft:furnace":3,"minecraft:stick":61,"minecraft:jungle_door":1,"minecraft:brown_terracotta":8,"minecraft:oak_fence":10,"minecraft:torch":330,"ecologics:coconut_seedling":1,"minecraft:spruce_stairs":1,"minecraft:porkchop":2,"tacz:attachment":3,"mutantmonsters:hulk_hammer":5,"pointblank:ammo45acp":54,"minecraft:cactus":1,"projectvibrantjourneys:seashells":10,"minecraft:rotten_flesh":568,"ecologics:coconut_log":9,"create:asurine":1,"minecraft:obsidian":15,"minecraft:cod":2,"minecraft:cobblestone":854,"minecraft:enchanting_table":2,"pointblank:guninternals":4,"minecraft:andesite":8,"projectvibrantjourneys:fallen_leaves":19,"minecraft:golden_leggings":1,"minecraft:potato":26,"map_atlases:atlas":4,"minecraft:smooth_sandstone_stairs":2,"minecraft:tuff":81,"create:raw_zinc":9,"minecraft:danger_pottery_sherd":1,"projectvibrantjourneys:rocks":1,"projectvibrantjourneys:oak_hollow_log":3,"minecraft:dirt":86,"minecraft:lapis_lazuli":28,"minecraft:name_tag":7,"max_armory:iron_machete":3,"minecraft:leather_boots":7,"minecraft:bone":199,"ecologics:flowering_azalea_fence":1,"minecraft:bow":4,"immersive_aircraft:industrial_gears":2,"minecraft:wheat_seeds":100,"minecraft:raw_gold":22,"better_mob_food:cooked_flesh":724,"minecraft:bell":1,"minecraft:grindstone":3,"minecraft:fletching_table":1,"minecraft:oak_planks":250,"max_armory:iron_shamshir":1,"ecologics:azalea_log":15,"psg:raw_potassium":19,"minecraft:sand":145,"minecraft:mossy_cobblestone":17,"minecraft:diamond":99,"alexsmobs:rattlesnake_rattle":1,"minecraft:golden_apple":46,"minecraft:emerald":1,"minecraft:oak_sapling":16,"marbledsarsenal:riot_armor_boots":9,"minecraft:azure_bluet":1,"minecraft:chicken":2,"minecraft:brown_mushroom":1,"minecraft:wooden_pickaxe":1,"minecraft:chain":1,"ecologics:coconut_boat":3,"minecraft:oak_trapdoor":8,"minecraft:moss_carpet":13,"minecraft:iron_axe":9,"immersive_aircraft:biplane":9,"minecraft:wooden_sword":4,"minecraft:mossy_cobblestone_wall":2,"minecraft:oak_boat":6,"minecraft:sugar_cane":196,"minecraft:spruce_trapdoor":130,"minecraft:phantom_membrane":8,"minecraft:raw_iron":550,"ecologics:coconut_slice":1,"projectvibrantjourneys:bark_mushroom":2,"minecraft:copper_ingot":8,"minecraft:bowl":1,"minecraft:howl_pottery_sherd":1,"minecraft:purple_candle":1,"minecraft:arrow":71,"k_turrets:raw_titanium":9,"minecraft:saddle":2,"minecraft:skeleton_skull":1,"farmersdelight:rich_soil":4,"minecraft:basalt":3,"minecraft:burn_pottery_sherd":2,"minecraft:salmon":4,"minecraft:leather":8,"minecraft:gunpowder":88,"minecraft:yellow_bed":5,"minecraft:cobblestone_wall":1,"minecraft:smooth_sandstone":2,"minecraft:heart_of_the_sea":1,"minecraft:iron_ingot":117,"immersive_aircraft:airship":2,"minecraft:soul_sand":31,"minecraft:book":207,"projectvibrantjourneys:light_brown_bark_mushroom":3,"minecraft:scaffolding":2,"minecraft:pumpkin":4,"minecraft:dandelion":3,"minecraft:raw_iron_block":3,"minecraft:amethyst_shard":4,"minecraft:blast_furnace":6,"minecraft:white_bed":2,"minecraft:spruce_door":1,"minecraft:spider_eye":26,"immersive_aircraft:enhanced_propeller":1,"minecraft:iron_helmet":8,"minecraft:damaged_anvil":2,"minecraft:coal":256},"minecraft:broken":{"minecraft:wooden_sword":1,"minecraft:iron_pickaxe":1},"minecraft:killed":{"minecraft:cave_spider":4,"minecraft:zombie_horse":1,"minecraft:skeleton":2,"minecraft:guardian":2,"minecraft:chicken":3,"alexsmobs:skelewag":1,"minecraft:iron_golem":1,"hordes:drowned_player":4,"minecraft:pillager":2,"minecraft:zombie":378,"alexsmobs:roadrunner":1,"k_turrets:cobble_drone":1,"hordes:zombie_player":49,"alexsmobs:raccoon":1,"alexsmobs:seagull":1,"minecraft:husk":7,"minecraft:wandering_trader":1,"alexsmobs:giant_squid":2,"minecraft:spider":3,"minecraft:pig":1,"alexsmobs:grizzly_bear":4,"minecraft:zombie_villager":11,"minecraft:creeper":1,"minecraft:sheep":7,"minecraft:trader_llama":1,"alexsmobs:tarantula_hawk":1,"alexsmobs:rattlesnake":2,"minecraft:phantom":5,"alexsmobs:blue_jay":1,"minecraft:drowned":26,"alexsmobs:flying_fish":1,"minecraft:bat":1,"minecraft:squid":1,"alexsmobs:cockroach":1,"mutantmonsters:mutant_zombie":1},"minecraft:dropped":{"minecraft:iron_sword":3,"immersive_aircraft:industrial_gears":1,"minecraft:diamond":18,"minecraft:crafting_table":6,"immersive_aircraft:biplane":4,"pointblank:deserteagle":2,"minecraft:saddle":2,"map_atlases:atlas":1,"immersive_aircraft:sturdy_pipes":1,"minecraft:dirt":9,"alexsmobs:flying_fish":1,"minecraft:wooden_sword":6,"minecraft:phantom_membrane":2,"minecraft:sand":6,"projectvibrantjourneys:mossy_rocks":1,"minecraft:iron_pickaxe":8,"minecraft:white_wool":3,"minecraft:bone":159,"minecraft:stone_axe":1,"minecraft:compass":1,"minecraft:sugar_cane":4,"mutantmonsters:hulk_hammer":1,"minecraft:iron_nugget":6,"minecraft:cobbled_deepslate":53,"projectvibrantjourneys:twigs":2,"minecraft:birch_sapling":6,"minecraft:rotten_flesh":230,"minecraft:oak_planks":118,"create:asurine":1,"minecraft:azure_bluet":1,"minecraft:salmon":2,"psg:sulphur":17,"immersive_aircraft:nether_engine":1,"minecraft:leather_boots":4,"minecraft:arms_up_pottery_sherd":1,"k_turrets:raw_titanium":1,"minecraft:white_dye":2,"minecraft:egg":2,"tacz:attachment":2,"minecraft:enchanted_book":7,"minecraft:iron_ingot":84,"minecraft:black_dye":1,"minecraft:wheat_seeds":18,"minecraft:tnt":3,"immersive_aircraft:enhanced_propeller":1,"pointblank:ammo50ae":80,"minecraft:oak_fence":1,"minecraft:iron_helmet":6,"minecraft:feather":3,"minecraft:cobblestone":85,"minecraft:prismarine_crystals":3,"minecraft:book":31,"minecraft:apple":10,"minecraft:explorer_pottery_sherd":1,"minecraft:burn_pottery_sherd":1,"max_armory:iron_shamshir":1,"minecraft:coal":97,"minecraft:golden_apple":11,"minecraft:oxeye_daisy":1,"max_armory:handle":1,"minecraft:ink_sac":8,"minecraft:diamond_helmet":3,"minecraft:potion":1,"minecraft:brown_terracotta":8,"ecologics:azalea_planks":60,"minecraft:pumpkin":2,"minecraft:heart_of_the_sea":1,"minecraft:iron_shovel":7,"minecraft:paper":9,"minecraft:string":31,"create:raw_zinc":2,"minecraft:moss_carpet":11,"minecraft:cobblestone_wall":1,"marbledsarsenal:riot_armor_boots":3,"minecraft:bowl":1,"minecraft:stone_shovel":2,"minecraft:experience_bottle":1,"minecraft:chicken":1,"minecraft:iron_boots":11,"minecraft:damaged_anvil":1,"minecraft:name_tag":7,"minecraft:white_terracotta":1,"minecraft:diamond_sword":14,"marbledsarsenal:riot_armor_leggings":3,"minecraft:spruce_trapdoor":64,"minecraft:diamond_pickaxe":10,"marbledsarsenal:helmet_cm6m_gas_mask":5,"better_mob_food:cooked_flesh":442,"minecraft:spider_eye":4,"minecraft:light_gray_dye":1,"sophisticatedbackpacks:copper_backpack":12,"minecraft:bow":1,"marbledsapi:steel_ingot":5,"ecologics:seashell":1,"max_armory:iron_hammer":1,"minecraft:moss_block":4,"minecraft:soul_sand":20,"minecraft:diamond_axe":4,"minecraft:baked_potato":24,"minecraft:mossy_cobblestone_wall":2,"farmersdelight:rice":6,"minecraft:mutton":8,"projectvibrantjourneys:fallen_leaves":9,"minecraft:cooked_cod":3,"marbledsarsenal:riot_armor_chestplate":4,"minecraft:axolotl_bucket":1,"minecraft:birch_log":10,"projectvibrantjourneys:bark_mushroom":2,"pointblank:m1911a1":3,"minecraft:gold_ingot":46,"minecraft:gravel":28,"minecraft:beetroot":1,"minecraft:diamond_shovel":7,"psg:raw_potassium":7,"projectvibrantjourneys:light_brown_bark_mushroom":3,"minecraft:gunpowder":53,"minecraft:beetroot_seeds":2,"ecologics:coconut_husk":1,"minecraft:azalea":19,"max_armory:iron_machete":2,"minecraft:basalt":1,"minecraft:arrow":6,"minecraft:scaffolding":1,"minecraft:water_bucket":4,"minecraft:bread":131,"minecraft:mossy_cobblestone":12,"marbledsarsenal:police_baton":1,"minecraft:bookshelf":2,"pointblank:gunmetal_ingot":23,"minecraft:diamond_leggings":4,"ecologics:coconut_seedling":1,"minecraft:copper_ingot":241,"minecraft:stick":25,"minecraft:brewing_stand":2,"minecraft:torch":180,"pointblank:guninternals":8,"minecraft:zombie_head":11,"minecraft:iron_leggings":8,"tacz:modern_kinetic_gun":11,"minecraft:flowering_azalea":4,"minecraft:iron_axe":10,"minecraft:bucket":6,"minecraft:music_disc_cat":1,"minecraft:dandelion":1,"minecraft:smooth_basalt":2,"minecraft:redstone":28,"marbledsarsenal:cm6m_gas_mask":3,"minecraft:kelp":9,"minecraft:raw_copper":94,"minecraft:tuff":19,"minecraft:raw_iron":403,"pointblank:gunmetal_nugget":294,"minecraft:filled_map":1,"minecraft:diamond_chestplate":4,"minecraft:iron_chestplate":10,"minecraft:andesite":4,"immersive_aircraft:steel_boiler":1,"minecraft:golden_leggings":1,"minecraft:oak_boat":4,"minecraft:oak_sapling":3,"minecraft:diamond_boots":4,"minecraft:slime_ball":6,"minecraft:stone_pickaxe":1,"minecraft:wooden_pickaxe":1,"minecraft:raw_gold":15},"minecraft:mined":{"minecraft:white_bed":2,"minecraft:obsidian":15,"minecraft:oxeye_daisy":2,"minecraft:spawner":17,"minecraft:mossy_cobblestone_stairs":1,"minecraft:cobbled_deepslate":3,"minecraft:fire":3,"minecraft:barrel":1,"minecraft:pumpkin":2,"minecraft:moss_carpet":1,"minecraft:fletching_table":1,"minecraft:enchanting_table":1,"minecraft:cave_vines":1,"minecraft:water_cauldron":2,"minecraft:dirt_path":3,"minecraft:oak_stairs":6,"minecraft:smooth_sandstone_stairs":2,"minecraft:orange_bed":1,"minecraft:brown_mushroom":1,"minecraft:amethyst_cluster":1,"minecraft:torch":25,"projectvibrantjourneys:twigs":3,"minecraft:blast_furnace":6,"projectvibrantjourneys:fallen_leaves":12,"minecraft:sugar_cane":129,"minecraft:damaged_anvil":1,"minecraft:bricks":14,"minecraft:skeleton_skull":1,"minecraft:white_terracotta":20,"minecraft:chain":2,"ecologics:seashell":1,"minecraft:mud":1,"minecraft:wheat":13,"overworld_netherite_ore:deepslate_ancient_debris_ore":9,"minecraft:grass":214,"projectvibrantjourneys:short_grass":200,"minecraft:mangrove_log":7,"minecraft:smooth_basalt":2,"minecraft:stonecutter":1,"minecraft:deepslate":130,"minecraft:suspicious_gravel":1,"minecraft:dark_prismarine":1,"create:zinc_ore":7,"minecraft:mossy_cobblestone":15,"farmersdelight:wild_carrots":1,"minecraft:purple_candle":1,"projectvibrantjourneys:rocks":9,"psg:sulphur_ore":9,"minecraft:spruce_fence":3,"minecraft:redstone_wire":1,"minecraft:moss_block":4,"minecraft:kelp":3,"minecraft:redstone_ore":1,"minecraft:suspicious_sand":1,"minecraft:andesite":6,"minecraft:vine":2,"projectvibrantjourneys:icicle":1,"minecraft:smithing_table":2,"minecraft:glass_pane":4,"minecraft:soul_sand":11,"psg:potassium_ore":8,"minecraft:dandelion":2,"ecologics:flowering_azalea_fence":1,"psg:deepslate_sulphur_ore":11,"minecraft:smooth_sandstone":2,"minecraft:cornflower":1,"minecraft:emerald_ore":1,"minecraft:tall_grass":32,"minecraft:copper_ore":67,"minecraft:deepslate_gold_ore":15,"minecraft:purple_bed":1,"minecraft:coarse_dirt":5,"minecraft:cobblestone_wall":1,"minecraft:spruce_log":4,"minecraft:birch_leaves":12,"minecraft:mangrove_leaves":2,"minecraft:zombie_head":7,"minecraft:gravel":41,"minecraft:cobweb":16,"minecraft:brown_terracotta":10,"minecraft:gold_ore":1,"projectvibrantjourneys:oak_hollow_log":3,"create:deepslate_zinc_ore":1,"farmersdelight:rich_soil":4,"minecraft:cobblestone_stairs":2,"minecraft:brewing_stand":3,"minecraft:spruce_trapdoor":3,"minecraft:cave_vines_plant":1,"minecraft:grass_block":50,"minecraft:composter":2,"minecraft:smooth_stone":9,"minecraft:raw_iron_block":3,"minecraft:iron_ore":144,"minecraft:azure_bluet":2,"create:asurine":1,"minecraft:flowering_azalea_leaves":6,"minecraft:azalea_leaves":12,"minecraft:azalea":1,"projectvibrantjourneys:cattail":2,"minecraft:deepslate_redstone_ore":20,"ecologics:pot":3,"minecraft:cyan_terracotta":1,"minecraft:mossy_cobblestone_wall":2,"minecraft:poppy":3,"projectvibrantjourneys:natural_cobweb":9,"minecraft:cobblestone":106,"minecraft:grindstone":2,"minecraft:oak_planks":32,"minecraft:wall_torch":8,"minecraft:deepslate_copper_ore":11,"minecraft:seagrass":2,"minecraft:birch_log":11,"projectvibrantjourneys:bones":2,"minecraft:smooth_stone_slab":12,"minecraft:oak_log":71,"minecraft:beetroots":1,"ecologics:azalea_log":16,"ecologics:flowering_azalea_log":5,"minecraft:sand":97,"minecraft:dirt":36,"minecraft:oak_leaves":20,"minecraft:tuff":58,"minecraft:deepslate_diamond_ore":50,"minecraft:oak_door":2,"minecraft:glow_lichen":1,"minecraft:decorated_pot":2,"create:ochrum":1,"ecologics:coconut_log":9,"minecraft:sandstone":2,"minecraft:large_fern":3,"minecraft:hay_block":39,"minecraft:oak_trapdoor":8,"minecraft:furnace":3,"minecraft:carrots":11,"minecraft:bookshelf":24,"minecraft:deepslate_iron_ore":180,"minecraft:stripped_oak_log":6,"minecraft:stone":458,"minecraft:scaffolding":1,"minecraft:flowering_azalea":1,"minecraft:basalt":2,"minecraft:oak_fence":11,"minecraft:crafting_table":2,"minecraft:lapis_ore":5,"minecraft:spruce_stairs":1,"minecraft:cactus":1,"minecraft:mangrove_planks":1,"minecraft:yellow_bed":4,"k_turrets:titanium_ore":8,"minecraft:coal_ore":104,"minecraft:polished_andesite":10,"minecraft:small_dripleaf":2,"minecraft:mossy_stone_bricks":1},"minecraft:used":{"marbledsarsenal:riot_armor_chestplate":1,"ecologics:sandcastle":1,"immersive_aircraft:airship":2,"minecraft:poppy":3,"minecraft:chest":6,"minecraft:rotten_flesh":30,"minecraft:soul_sand":1,"marbledsarsenal:riot_armor_boots":1,"minecraft:birch_sapling":1,"minecraft:bow":4,"minecraft:oak_sapling":1,"mutantmonsters:hulk_hammer":8,"minecraft:furnace":4,"minecraft:cooked_cod":1,"minecraft:egg":67,"immersive_aircraft:biplane":7,"minecraft:potato":1,"projectvibrantjourneys:mossy_rocks":1,"projectvibrantjourneys:rocks":1,"max_armory:stone_long_sword":46,"minecraft:wooden_pickaxe":5,"minecraft:composter":2,"minecraft:golden_apple":5,"minecraft:glow_berries":3,"marbledsarsenal:helmet_cm6m_gas_mask":1,"minecraft:sand":74,"minecraft:blast_furnace":5,"minecraft:zombie_head":1,"minecraft:diamond_sword":773,"minecraft:wooden_sword":130,"minecraft:smithing_table":1,"minecraft:enchanting_table":1,"minecraft:cooked_salmon":3,"minecraft:orange_bed":1,"minecraft:torch":181,"minecraft:anvil":1,"minecraft:oak_fence_gate":1,"projectvibrantjourneys:fallen_leaves":5,"minecraft:flowering_azalea":1,"minecraft:iron_axe":148,"minecraft:barrel":1,"minecraft:basalt":1,"minecraft:cobbled_deepslate":27,"minecraft:water_bucket":56,"minecraft:leather_boots":1,"minecraft:salmon":2,"minecraft:mossy_cobblestone":1,"minecraft:crafting_table":8,"minecraft:white_bed":2,"minecraft:oak_log":1,"minecraft:mud":1,"minecraft:diamond_pickaxe":702,"minecraft:diamond_shovel":108,"minecraft:iron_pickaxe":903,"minecraft:cobblestone":371,"minecraft:purple_bed":1,"minecraft:stripped_oak_log":2,"minecraft:iron_shovel":137,"minecraft:white_terracotta":10,"minecraft:iron_sword":117,"minecraft:bell":1,"minecraft:smooth_sandstone_stairs":1,"minecraft:carrot":1,"minecraft:tuff":49,"minecraft:axolotl_bucket":2,"minecraft:milk_bucket":1,"minecraft:bricks":9,"marbledsarsenal:police_baton":138,"minecraft:hay_block":5,"max_armory:iron_hammer":1,"marbledsarsenal:riot_armor_leggings":1,"minecraft:stone_pickaxe":44,"minecraft:oak_planks":17,"minecraft:sugar_cane":38,"minecraft:diamond_axe":108,"immersive_aircraft:cargo_airship":1,"minecraft:bread":58,"minecraft:gravel":11,"ecologics:coconut_slice":1,"minecraft:grindstone":2,"minecraft:andesite":1,"minecraft:smooth_stone_slab":3,"minecraft:coarse_dirt":3,"minecraft:bone_meal":3,"minecraft:experience_bottle":2,"minecraft:oak_fence":27,"minecraft:netherite_sword":25,"minecraft:dirt":18,"minecraft:diamond_helmet":2,"projectvibrantjourneys:seashells":1,"minecraft:bookshelf":12,"minecraft:oak_stairs":2,"minecraft:iron_boots":1,"better_mob_food:cooked_flesh":153,"minecraft:cooked_beef":11,"minecraft:iron_leggings":3,"ecologics:pot":1,"max_armory:iron_machete":123,"ecologics:flowering_azalea_fence":13,"minecraft:polished_andesite":5,"pointblank:printer":1,"minecraft:stonecutter":1,"farmersdelight:onion":3,"minecraft:smoker":1,"minecraft:map":1,"minecraft:white_banner":1,"minecraft:jungle_door":1,"minecraft:bucket":63,"minecraft:yellow_bed":4,"minecraft:splash_potion":1}},"DataVersion":3465}