{"stats":{"minecraft:custom":{"minecraft:animals_bred":2,"minecraft:interact_with_crafting_table":60,"minecraft:open_barrel":27,"minecraft:leave_game":17,"minecraft:time_since_death":549,"minecraft:sprint_one_cm":702123,"minecraft:damage_blocked_by_shield":55,"minecraft:drop":163,"tombstone:eaten_lollipop":1,"vampirism:interact_with_totem":4,"minecraft:talked_to_villager":20,"minecraft:play_time":546045,"minecraft:deaths":40,"minecraft:interact_with_brewingstand":2,"minecraft:jump":6365,"minecraft:walk_on_water_one_cm":90358,"minecraft:interact_with_furnace":44,"minecraft:traded_with_villager":33,"vampirism:interact_with_research_table":3,"minecraft:sleep_in_bed":21,"tombstone:sneak_grave":2,"minecraft:damage_dealt":33172,"minecraft:player_kills":8,"minecraft:crouch_one_cm":99060,"tombstone:undead_killed":147,"minecraft:interact_with_smoker":1,"minecraft:interact_with_smithing_table":5,"minecraft:interact_with_anvil":3,"minecraft:mob_kills":212,"minecraft:inspect_hopper":4,"minecraft:damage_dealt_resisted":3913,"minecraft:climb_one_cm":29597,"minecraft:walk_one_cm":1797612,"vampirism:skills_unlocked":3,"minecraft:damage_dealt_absorbed":160,"minecraft:sneak_time":37341,"minecraft:walk_under_water_one_cm":74577,"minecraft:interact_with_lectern":2,"minecraft:interact_with_blast_furnace":15,"minecraft:total_world_time":546045,"vampirism:interact_with_injection_chair":5,"tombstone:raider_killed":2,"vampirism:interact_with_garlic_diffuser":3,"minecraft:interact_with_grindstone":1,"minecraft:time_since_rest":357,"minecraft:damage_taken":17408,"minecraft:damage_absorbed":40,"minecraft:swim_one_cm":78046,"minecraft:fly_one_cm":1279036,"minecraft:open_chest":313,"minecraft:fall_one_cm":275452},"minecraft:broken":{"minecraft:iron_boots":1,"minecraft:iron_chestplate":1,"minecraft:stone_sword":1,"aether:cold_parachute":2,"minecraft:iron_pickaxe":1,"minecraft:iron_helmet":1},"minecraft:killed":{"aether:sentry":1,"minecraft:spider":14,"minecraft:skeleton":25,"minecraft:chicken":1,"ecologics:coconut_crab":1,"minecraft:silverfish":3,"alexsmobs:centipede_head":1,"aether:moa":1,"artifacts:mimic":2,"minecraft:pig":4,"minecraft:iron_golem":2,"aether:sheepuff":2,"aether:aerwhale":1,"minecraft:creeper":10,"aether:phyg":1,"vampirism:hunter":1,"minecraft:pillager":2,"minecraft:zombie":115,"minecraft:cow":7,"hordes:zombie_player":5,"minecraft:phantom":1,"minecraft:horse":3,"alexsmobs:bison":1,"minecraft:drowned":2,"minecraft:enderman":3},"minecraft:dropped":{"farmersdelight:iron_knife":1,"minecraft:iron_sword":1,"vampirism:human_heart":1,"minecraft:crossbow":16,"projectvibrantjourneys:bones":1,"travelersbackpack:standard":1,"minecraft:emerald":7,"minecraft:cyan_terracotta":2,"minecraft:dirt":16,"minecraft:snowball":52,"minecraft:wooden_sword":2,"minecraft:iron_pickaxe":3,"minecraft:bone":3,"minecraft:gold_ingot":17,"minecraft:oak_door":1,"minecraft:white_tulip":1,"alexsmobs:centipede_leg":2,"minecraft:obsidian":11,"vampirism:holy_water_bottle_enhanced":1,"minecraft:beetroot":1,"minecraft:rotten_flesh":24,"minecraft:oak_planks":10,"projectvibrantjourneys:sea_oats":16,"minecraft:poppy":1,"artifacts:umbrella":2,"minecraft:beetroot_seeds":2,"ecologics:coconut_husk":2,"comforts:sleeping_bag_white":1,"minecraft:iron_bars":3,"minecraft:beef":12,"minecraft:oak_leaves":4,"vampirism:item_garlic":1,"minecraft:bread":38,"minecraft:wheat_seeds":1,"minecraft:mossy_cobblestone":1,"vampirism:hunter_axe_enhanced":1,"minecraft:iron_helmet":1,"minecraft:feather":1,"minecraft:cobblestone":25,"minecraft:apple":2,"minecraft:spruce_stairs":1,"minecraft:stick":5,"minecraft:lava_bucket":1,"minecraft:rabbit":3,"travelersbackpack:blank_upgrade":2,"minecraft:jungle_door":1,"tombstone:grave_dust":1,"minecraft:iron_leggings":1,"projectvibrantjourneys:seashells":1,"minecraft:oak_stairs":1,"artifacts:feral_claws":1,"minecraft:iron_shovel":1,"minecraft:lily_pad":1,"artifacts:bunny_hoppers":1,"minecraft:brown_dye":1,"minecraft:cobblestone_wall":1,"minecraft:smooth_stone_slab":14,"minecraft:chicken":1,"minecraft:iron_boots":1,"pointblank:gunmetal_nugget":13,"aether:iron_gloves":2,"minecraft:bundle":1,"minecraft:iron_chestplate":1,"minecraft:mossy_stone_bricks":4,"minecraft:spider_eye":1,"vampirism:crucifix_normal":1,"minecraft:stone_bricks":15,"minecraft:bow":25,"minecraft:wooden_pickaxe":1,"artifacts:fire_gauntlet":1},"minecraft:killed_by":{"minecraft:creeper":6,"minecraft:zombie":11,"minecraft:player":4,"aether:slider":1,"minecraft:spider":4,"minecraft:enderman":1,"hordes:zombie_player":2,"minecraft:skeleton":4},"minecraft:picked_up":{"aether:carved_stone":1,"minecraft:iron_chestplate":1,"vampirism:injection_garlic":1,"minecraft:yellow_wool":11,"artifacts:umbrella":2,"artifacts:bunny_hoppers":2,"minecraft:smithing_table":1,"minecraft:lead":1,"minecraft:oak_stairs":2,"minecraft:enchanted_book":2,"minecraft:brewing_stand":2,"securitycraft:reinforced_cobblestone_slab":1,"minecraft:string":27,"minecraft:smooth_stone_slab":19,"minecraft:iron_leggings":1,"minecraft:oak_sign":5,"minecraft:beetroot":1,"minecraft:deepslate_tiles":1,"minecraft:gold_nugget":2,"minecraft:cobbled_deepslate":122,"minecraft:bucket":1,"minecraft:spruce_planks":14,"minecraft:white_tulip":3,"minecraft:cobblestone_slab":1,"minecraft:redstone_torch":1,"minecraft:iron_pickaxe":1,"minecraft:furnace":1,"ecologics:crab_claw":1,"minecraft:iron_boots":1,"minecraft:stick":16,"minecraft:jungle_door":2,"minecraft:oak_fence":1,"minecraft:torch":16,"minecraft:spruce_stairs":1,"minecraft:porkchop":13,"vampirism:alchemical_cauldron":1,"vampirism:holy_water_bottle_enhanced":1,"tombstone:grave_dust":17,"alexsmobs:centipede_leg":6,"tombstone:lollipop":1,"minecraft:quartz_block":5,"minecraft:stone_sword":1,"projectvibrantjourneys:seashells":1,"minecraft:rotten_flesh":100,"ecologics:coconut_log":5,"minecraft:red_tulip":1,"minecraft:cyan_terracotta":5,"comforts:sleeping_bag_yellow":6,"minecraft:obsidian":7,"minecraft:iron_bars":4,"minecraft:snowball":52,"minecraft:cobblestone":188,"vampirism:vampire_book":2,"minecraft:feather":5,"minecraft:cooked_beef":5,"minecraft:water_bucket":1,"minecraft:andesite":3,"ecologics:coconut_planks":3,"minecraft:smoker":1,"minecraft:flint":3,"minecraft:tuff":6,"projectvibrantjourneys:rocks":1,"projectvibrantjourneys:oak_hollow_log":5,"minecraft:lapis_lazuli":56,"minecraft:dirt":26,"minecraft:leather_boots":3,"minecraft:bone":36,"minecraft:bow":16,"minecraft:wheat_seeds":12,"minecraft:orange_tulip":1,"aether:holystone":1,"minecraft:raw_gold":41,"minecraft:grindstone":1,"aether:cold_aercloud":10,"minecraft:mossy_stone_bricks":4,"minecraft:fletching_table":2,"minecraft:rabbit":3,"minecraft:stone_hoe":1,"minecraft:oak_planks":55,"vampirism:potion_table":1,"minecraft:sand":315,"vampirism:crucifix_normal":2,"ecologics:coconut_husk":2,"overworld_netherite_ore:large_ancient_shard":2,"farmersdelight:ham":2,"alexsmobs:animal_dictionary":2,"minecraft:mossy_cobblestone":9,"minecraft:bundle":5,"minecraft:diamond":123,"vampirism:oil_bottle":1,"aether:ambrosium_shard":3,"minecraft:crossbow":8,"aether:swet_ball":1,"minecraft:emerald":7,"minecraft:bread":66,"minecraft:oak_sapling":8,"aether:blue_aercloud":1,"minecraft:oak_leaves":4,"minecraft:diamond_pickaxe":1,"sophisticatedbackpacks:gold_backpack":2,"minecraft:coarse_dirt":1,"aether:aether_dirt":1,"artifacts:night_vision_goggles":3,"minecraft:chicken":1,"minecraft:clay_ball":4,"minecraft:brown_mushroom":3,"minecraft:wooden_pickaxe":1,"minecraft:pink_wool":1,"minecraft:shield":3,"aether:blue_berry":3,"minecraft:moss_carpet":3,"minecraft:wooden_sword":3,"artifacts:feral_claws":2,"minecraft:item_frame":1,"minecraft:white_carpet":1,"minecraft:blackstone":2,"minecraft:cracked_stone_bricks":1,"minecraft:beef":12,"minecraft:cyan_wool":1,"projectvibrantjourneys:sandy_sprouts":3,"minecraft:poppy":1,"minecraft:lectern":2,"ecologics:coconut_slab":2,"minecraft:chest":3,"minecraft:egg":1,"minecraft:raw_iron":135,"minecraft:sandstone":1,"minecraft:stone":2,"minecraft:oak_door":1,"ecologics:coconut_slice":10,"projectvibrantjourneys:bark_mushroom":2,"pointblank:gunmetal_nugget":179,"minecraft:redstone":179,"minecraft:arrow":28,"artifacts:cowboy_hat":5,"minecraft:beetroot_seeds":2,"minecraft:hay_block":111,"tombstone:essence_of_undeath":2,"minecraft:mutton":4,"minecraft:white_wool":9,"minecraft:glow_ink_sac":4,"minecraft:leather":19,"minecraft:red_mushroom":2,"artifacts:onion_ring":1,"minecraft:oak_log":47,"overworld_netherite_ore:ancientdebrispiece":5,"minecraft:lily_pad":1,"minecraft:yellow_bed":3,"minecraft:cobblestone_wall":11,"minecraft:gunpowder":15,"projectvibrantjourneys:sea_oats":29,"tombstone:gift":1,"vampirism:human_heart":1,"minecraft:apple":9,"minecraft:stone_bricks":29,"minecraft:kelp":61,"projectvibrantjourneys:sandstone_rocks":1,"minecraft:rabbit_hide":2,"minecraft:iron_ingot":3,"minecraft:oak_fence_gate":1,"minecraft:stone_pickaxe":2,"tombstone:bag_of_seeds":1,"minecraft:soul_sand":14,"minecraft:iron_sword":1,"minecraft:book":21,"projectvibrantjourneys:light_brown_bark_mushroom":2,"minecraft:sweet_berries":3,"minecraft:dandelion":1,"minecraft:gravel":25,"projectvibrantjourneys:bones":2,"minecraft:spruce_sapling":15,"minecraft:blast_furnace":3,"minecraft:white_bed":2,"minecraft:spruce_log":118,"artifacts:scarf_of_invisibility":2,"minecraft:spider_eye":9,"minecraft:stone_axe":2,"aether:golden_dart":7,"tombstone:magic_scroll":2,"minecraft:coal":30,"minecraft:hopper":4,"minecraft:ender_pearl":2},"minecraft:used":{"minecraft:iron_shovel":81,"minecraft:oak_sign":5,"vampirism:altar_infusion":1,"minecraft:chest":11,"comforts:sleeping_bag_yellow":6,"minecraft:shield":2,"minecraft:iron_sword":346,"tombstone:lollipop":1,"ecologics:coconut_planks":12,"vampirism:hunter_axe_enhanced":9,"minecraft:rotten_flesh":7,"minecraft:iron_chestplate":1,"minecraft:soul_sand":1,"minecraft:milk_bucket":2,"minecraft:lava_bucket":5,"minecraft:quartz_block":1,"minecraft:iron_helmet":1,"minecraft:stone_bricks":14,"minecraft:item_frame":1,"minecraft:bow":99,"minecraft:hay_block":4,"minecraft:sweet_berries":2,"minecraft:cooked_cod":7,"minecraft:oak_sapling":3,"minecraft:stone_pickaxe":68,"minecraft:oak_planks":17,"minecraft:wooden_pickaxe":6,"minecraft:diamond_axe":122,"minecraft:sandstone":6,"minecraft:golden_apple":3,"minecraft:sand":178,"minecraft:blast_furnace":3,"minecraft:deepslate_tiles":1,"minecraft:bread":112,"tombstone:grave_key":10,"minecraft:gravel":20,"ecologics:coconut_slice":2,"minecraft:diamond_sword":212,"minecraft:wooden_sword":59,"minecraft:grindstone":1,"minecraft:smithing_table":1,"minecraft:andesite":2,"minecraft:smooth_stone_slab":5,"minecraft:bone_meal":17,"projectvibrantjourneys:sandy_sprouts":1,"minecraft:oak_fence":1,"minecraft:oak_trapdoor":1,"minecraft:iron_bars":1,"ecologics:crab_claw":4,"minecraft:stone_sword":129,"minecraft:spruce_planks":45,"minecraft:stone_hoe":63,"minecraft:torch":36,"minecraft:dirt":4,"projectvibrantjourneys:sandstone_rocks":1,"minecraft:hopper":11,"minecraft:cobblestone_wall":5,"projectvibrantjourneys:bones":1,"ecologics:coconut_slab":6,"minecraft:iron_axe":8,"minecraft:oak_stairs":1,"minecraft:iron_boots":1,"tombstone:gift":10,"minecraft:cooked_beef":11,"aether:cold_parachute":2,"minecraft:cobbled_deepslate":50,"minecraft:iron_leggings":1,"minecraft:water_bucket":26,"farmersdelight:iron_knife":20,"minecraft:fletching_table":3,"minecraft:cobblestone_slab":6,"minecraft:leather_boots":1,"minecraft:crafting_table":12,"minecraft:white_bed":2,"minecraft:spruce_log":3,"minecraft:book":2,"aether:blue_berry":1,"tombstone:bag_of_seeds":1,"minecraft:oak_log":3,"minecraft:diamond_pickaxe":832,"minecraft:diamond_shovel":117,"minecraft:oak_button":4,"minecraft:iron_pickaxe":285,"minecraft:spruce_sapling":13,"minecraft:stone_axe":104,"minecraft:cobblestone":297,"minecraft:jungle_door":1,"minecraft:bucket":32,"minecraft:yellow_bed":2,"minecraft:kelp":25,"minecraft:splash_potion":1},"minecraft:crafted":{"minecraft:oak_planks":186,"minecraft:cobblestone_slab":6,"travelersbackpack:yellow_sleeping_bag":2,"minecraft:glass":56,"minecraft:hopper":7,"minecraft:bow":14,"minecraft:diamond_helmet":1,"minecraft:diamond_leggings":1,"minecraft:iron_boots":2,"minecraft:chest":18,"aether:diamond_gloves":1,"minecraft:oak_button":4,"minecraft:stone_hoe":1,"travelersbackpack:iron_tier_upgrade":1,"minecraft:arrow":64,"minecraft:emerald":8,"minecraft:crafting_table":12,"minecraft:spruce_planks":132,"farmersdelight:iron_knife":1,"minecraft:iron_helmet":1,"minecraft:wooden_pickaxe":2,"travelersbackpack:standard":2,"minecraft:brown_dye":1,"minecraft:smithing_table":1,"minecraft:fletching_table":1,"comforts:sleeping_bag_yellow":1,"minecraft:iron_chestplate":1,"minecraft:diamond_pickaxe":1,"minecraft:stick":152,"minecraft:iron_ingot":17,"minecraft:iron_pickaxe":1,"minecraft:stone_sword":1,"minecraft:gold_ingot":41,"minecraft:sandstone":5,"minecraft:wooden_sword":1,"ecologics:coconut_planks":20,"comforts:sleeping_bag_white":1,"minecraft:bone_meal":33,"travelersbackpack:blank_upgrade":4,"travelersbackpack:gold_tier_upgrade":1,"ecologics:coconut_slab":6,"minecraft:stone_pickaxe":1,"minecraft:diamond_boots":1,"aether:cold_parachute":2,"minecraft:wheat":513,"minecraft:cooked_cod":14,"minecraft:crossbow":8,"minecraft:diamond_sword":1,"travelersbackpack:backpack_tank":6,"minecraft:iron_sword":3,"better_mob_food:cooked_flesh":4,"minecraft:bucket":2,"minecraft:stone_axe":1,"minecraft:bread":160,"minecraft:air":0,"minecraft:golden_apple":1,"minecraft:iron_shovel":2,"minecraft:iron_leggings":2,"minecraft:torch":28,"minecraft:diamond_chestplate":1},"minecraft:mined":{"minecraft:spruce_planks":14,"aether:cold_aercloud":10,"minecraft:white_bed":2,"minecraft:brewing_stand":2,"minecraft:obsidian":7,"minecraft:grass_block":8,"minecraft:hopper":4,"minecraft:oak_wall_sign":2,"minecraft:spawner":7,"minecraft:tall_seagrass":1,"minecraft:iron_ore":74,"minecraft:cobbled_deepslate":1,"minecraft:deepslate_lapis_ore":6,"minecraft:fletching_table":2,"minecraft:dirt_path":3,"minecraft:oak_stairs":2,"minecraft:iron_bars":3,"minecraft:blue_orchid":1,"projectvibrantjourneys:cattail":3,"minecraft:deepslate_redstone_ore":36,"minecraft:quartz_block":6,"projectvibrantjourneys:sea_oats":30,"minecraft:cyan_terracotta":5,"minecraft:blackstone":2,"minecraft:kelp_plant":5,"minecraft:smoker":1,"minecraft:blue_stained_glass":2,"minecraft:clay":1,"minecraft:torch":5,"projectvibrantjourneys:twigs":1,"minecraft:blast_furnace":3,"minecraft:chest":2,"minecraft:white_stained_glass_pane":4,"minecraft:glass":2,"minecraft:cobblestone":70,"minecraft:oak_planks":4,"minecraft:grindstone":1,"minecraft:wall_torch":4,"minecraft:seagrass":3,"minecraft:white_terracotta":1,"minecraft:yellow_wool":11,"projectvibrantjourneys:bones":1,"aether:aether_grass_block":1,"minecraft:orange_tulip":1,"overworld_netherite_ore:deepslate_ancient_debris_ore":7,"minecraft:smooth_stone_slab":15,"minecraft:grass":40,"minecraft:oak_log":38,"projectvibrantjourneys:short_grass":20,"minecraft:sand":265,"minecraft:dirt":5,"aether:ambrosium_ore":3,"minecraft:oak_leaves":11,"minecraft:deepslate":112,"minecraft:deepslate_tiles":1,"minecraft:diamond_ore":9,"minecraft:tuff":6,"ecologics:coconut_planks":3,"minecraft:blue_stained_glass_pane":3,"minecraft:mossy_cobblestone":8,"minecraft:deepslate_diamond_ore":117,"minecraft:oak_door":1,"projectvibrantjourneys:rocks":8,"ecologics:coconut_log":5,"minecraft:spruce_leaves":11,"minecraft:kelp":1,"minecraft:sandstone":3,"minecraft:large_fern":4,"minecraft:hay_block":62,"minecraft:redstone_ore":7,"vampirism:potion_table":1,"minecraft:furnace":1,"minecraft:andesite":5,"minecraft:bookshelf":7,"minecraft:cobblestone_slab":1,"minecraft:deepslate_iron_ore":62,"minecraft:vine":3,"minecraft:stone":409,"minecraft:white_tulip":2,"minecraft:white_wool":9,"projectvibrantjourneys:icicle":1,"minecraft:podzol":1,"minecraft:smithing_table":1,"minecraft:light_gray_carpet":1,"minecraft:glass_pane":4,"ecologics:coconut_slab":2,"minecraft:infested_stone_bricks":2,"minecraft:oak_fence":1,"minecraft:emerald_ore":16,"vampirism:alchemical_cauldron":1,"projectvibrantjourneys:mossy_rocks":1,"minecraft:lectern":2,"minecraft:tall_grass":18,"minecraft:lapis_ore":3,"minecraft:deepslate_gold_ore":24,"minecraft:lily_pad":1,"minecraft:spruce_stairs":1,"farmersdelight:wild_beetroots":2,"minecraft:coarse_dirt":1,"minecraft:cobblestone_wall":4,"minecraft:sweet_berry_bush":3,"aether:berry_bush":1,"minecraft:white_carpet":1,"minecraft:spruce_log":118,"minecraft:yellow_bed":3,"projectvibrantjourneys:sandy_sprouts":4,"minecraft:coal_ore":30,"minecraft:gravel":28,"minecraft:cobweb":10,"minecraft:cracked_stone_bricks":1,"minecraft:stone_bricks":28,"minecraft:mossy_stone_bricks":2,"minecraft:gold_ore":17,"projectvibrantjourneys:oak_hollow_log":5,"minecraft:fern":2}},"DataVersion":3465}