{"stats":{"minecraft:killed":{"minecraft:spider":12,"minecraft:skeleton":22,"minecraft:chicken":1,"ecologics:coconut_crab":1,"minecraft:pig":4,"minecraft:iron_golem":2,"minecraft:creeper":3,"minecraft:pillager":2,"minecraft:zombie":27,"minecraft:cow":6,"hordes:zombie_player":5,"minecraft:phantom":1,"minecraft:horse":3,"minecraft:drowned":1,"alexsmobs:bison":1},"minecraft:dropped":{"travelersbackpack:standard":1,"minecraft:cyan_terracotta":2,"minecraft:dirt":16,"minecraft:snowball":52,"minecraft:wooden_sword":2,"minecraft:gold_ingot":10,"minecraft:bone":2,"minecraft:oak_door":1,"vampirism:holy_water_bottle_enhanced":1,"minecraft:beetroot":1,"minecraft:rotten_flesh":16,"projectvibrantjourneys:sea_oats":16,"minecraft:poppy":1,"minecraft:beetroot_seeds":2,"ecologics:coconut_husk":2,"comforts:sleeping_bag_white":1,"minecraft:iron_bars":3,"minecraft:beef":7,"minecraft:oak_leaves":4,"minecraft:bread":38,"minecraft:wheat_seeds":1,"vampirism:hunter_axe_enhanced":1,"minecraft:feather":1,"minecraft:cobblestone":25,"minecraft:spruce_stairs":1,"minecraft:stick":5,"minecraft:rabbit":3,"travelersbackpack:blank_upgrade":2,"minecraft:jungle_door":1,"minecraft:lily_pad":1,"minecraft:brown_dye":1,"minecraft:cobblestone_wall":1,"minecraft:smooth_stone_slab":12,"minecraft:chicken":1,"pointblank:gunmetal_nugget":13,"minecraft:bundle":1,"minecraft:mossy_stone_bricks":4,"minecraft:stone_bricks":15,"vampirism:crucifix_normal":1,"minecraft:spider_eye":1,"minecraft:wooden_pickaxe":1},"minecraft:picked_up":{"minecraft:iron_chestplate":1,"minecraft:yellow_wool":11,"artifacts:bunny_hoppers":1,"minecraft:enchanted_book":1,"minecraft:brewing_stand":2,"minecraft:string":24,"minecraft:smooth_stone_slab":17,"minecraft:iron_leggings":1,"minecraft:beetroot":1,"minecraft:deepslate_tiles":1,"minecraft:cobbled_deepslate":25,"minecraft:bucket":1,"minecraft:spruce_planks":14,"minecraft:white_tulip":1,"minecraft:redstone_torch":1,"minecraft:iron_pickaxe":1,"minecraft:furnace":1,"minecraft:iron_boots":1,"ecologics:crab_claw":1,"minecraft:stick":12,"minecraft:jungle_door":2,"minecraft:torch":14,"minecraft:spruce_stairs":1,"minecraft:porkchop":10,"vampirism:alchemical_cauldron":1,"vampirism:holy_water_bottle_enhanced":1,"tombstone:grave_dust":15,"tombstone:lollipop":1,"minecraft:quartz_block":5,"minecraft:stone_sword":1,"minecraft:rotten_flesh":46,"minecraft:cyan_terracotta":5,"comforts:sleeping_bag_yellow":6,"minecraft:snowball":52,"minecraft:iron_bars":4,"minecraft:cobblestone":130,"vampirism:vampire_book":2,"minecraft:feather":1,"minecraft:andesite":1,"minecraft:tuff":5,"projectvibrantjourneys:oak_hollow_log":5,"minecraft:dirt":18,"minecraft:leather_boots":3,"minecraft:bone":23,"minecraft:bow":2,"minecraft:orange_tulip":1,"minecraft:wheat_seeds":11,"minecraft:raw_gold":38,"minecraft:grindstone":1,"minecraft:mossy_stone_bricks":4,"minecraft:rabbit":3,"minecraft:stone_hoe":1,"minecraft:oak_planks":17,"vampirism:potion_table":1,"minecraft:sand":145,"vampirism:crucifix_normal":2,"ecologics:coconut_husk":2,"farmersdelight:ham":2,"alexsmobs:animal_dictionary":2,"minecraft:bundle":4,"minecraft:diamond":6,"vampirism:oil_bottle":1,"minecraft:bread":66,"minecraft:oak_sapling":5,"minecraft:oak_leaves":4,"sophisticatedbackpacks:gold_backpack":2,"minecraft:coarse_dirt":1,"artifacts:night_vision_goggles":2,"minecraft:chicken":1,"minecraft:brown_mushroom":3,"minecraft:wooden_pickaxe":1,"minecraft:shield":3,"minecraft:moss_carpet":3,"minecraft:wooden_sword":3,"artifacts:feral_claws":1,"minecraft:white_carpet":1,"minecraft:cracked_stone_bricks":1,"minecraft:beef":10,"projectvibrantjourneys:sandy_sprouts":3,"minecraft:poppy":1,"minecraft:lectern":2,"minecraft:egg":1,"minecraft:raw_iron":73,"minecraft:stone":2,"minecraft:oak_door":1,"ecologics:coconut_slice":10,"projectvibrantjourneys:bark_mushroom":2,"pointblank:gunmetal_nugget":116,"minecraft:redstone":19,"minecraft:arrow":27,"artifacts:cowboy_hat":4,"minecraft:beetroot_seeds":2,"minecraft:hay_block":111,"tombstone:essence_of_undeath":2,"minecraft:white_wool":9,"minecraft:leather":17,"minecraft:red_mushroom":2,"minecraft:oak_log":32,"minecraft:lily_pad":1,"minecraft:gunpowder":7,"minecraft:cobblestone_wall":3,"projectvibrantjourneys:sea_oats":29,"tombstone:gift":1,"minecraft:apple":9,"minecraft:stone_bricks":29,"projectvibrantjourneys:sandstone_rocks":1,"minecraft:rabbit_hide":2,"minecraft:oak_fence_gate":1,"minecraft:iron_ingot":3,"minecraft:stone_pickaxe":2,"tombstone:bag_of_seeds":1,"minecraft:iron_sword":1,"projectvibrantjourneys:light_brown_bark_mushroom":2,"minecraft:book":21,"minecraft:sweet_berries":3,"minecraft:dandelion":1,"projectvibrantjourneys:bones":1,"minecraft:spruce_sapling":9,"minecraft:blast_furnace":2,"minecraft:spruce_log":26,"minecraft:white_bed":2,"artifacts:scarf_of_invisibility":2,"minecraft:spider_eye":6,"minecraft:stone_axe":2,"tombstone:magic_scroll":1,"minecraft:coal":30},"minecraft:mined":{"minecraft:spruce_planks":14,"minecraft:white_bed":2,"minecraft:brewing_stand":2,"minecraft:grass_block":2,"minecraft:spawner":5,"minecraft:tall_seagrass":1,"minecraft:iron_ore":52,"minecraft:cobbled_deepslate":1,"minecraft:dirt_path":2,"minecraft:iron_bars":3,"minecraft:blue_orchid":1,"minecraft:deepslate_redstone_ore":4,"minecraft:quartz_block":6,"projectvibrantjourneys:sea_oats":30,"minecraft:cyan_terracotta":5,"minecraft:blue_stained_glass":2,"minecraft:torch":4,"projectvibrantjourneys:twigs":1,"minecraft:blast_furnace":2,"minecraft:white_stained_glass_pane":4,"minecraft:glass":2,"minecraft:grindstone":1,"minecraft:oak_planks":1,"minecraft:wall_torch":3,"minecraft:white_terracotta":1,"minecraft:yellow_wool":11,"minecraft:orange_tulip":1,"minecraft:smooth_stone_slab":10,"minecraft:grass":30,"minecraft:oak_log":25,"projectvibrantjourneys:short_grass":17,"minecraft:sand":103,"minecraft:oak_leaves":11,"minecraft:deepslate":18,"minecraft:deepslate_tiles":1,"minecraft:tuff":5,"minecraft:blue_stained_glass_pane":3,"minecraft:deepslate_diamond_ore":6,"minecraft:oak_door":1,"projectvibrantjourneys:rocks":2,"minecraft:large_fern":4,"minecraft:hay_block":62,"vampirism:potion_table":1,"minecraft:furnace":1,"minecraft:bookshelf":7,"minecraft:deepslate_iron_ore":21,"minecraft:stone":86,"minecraft:white_tulip":2,"minecraft:white_wool":9,"projectvibrantjourneys:icicle":1,"minecraft:podzol":1,"minecraft:light_gray_carpet":1,"minecraft:glass_pane":3,"vampirism:alchemical_cauldron":1,"projectvibrantjourneys:mossy_rocks":1,"minecraft:lectern":2,"minecraft:tall_grass":15,"minecraft:deepslate_gold_ore":22,"minecraft:lily_pad":1,"minecraft:spruce_stairs":1,"farmersdelight:wild_beetroots":2,"minecraft:coarse_dirt":1,"minecraft:cobblestone_wall":2,"minecraft:sweet_berry_bush":3,"minecraft:white_carpet":1,"minecraft:spruce_log":26,"projectvibrantjourneys:sandy_sprouts":4,"minecraft:coal_ore":30,"minecraft:cobweb":10,"minecraft:cracked_stone_bricks":1,"minecraft:stone_bricks":28,"minecraft:mossy_stone_bricks":2,"minecraft:gold_ore":16,"projectvibrantjourneys:oak_hollow_log":5,"minecraft:fern":2},"minecraft:killed_by":{"minecraft:creeper":6,"minecraft:zombie":5,"minecraft:player":2,"minecraft:spider":4,"minecraft:enderman":1,"hordes:zombie_player":2,"minecraft:skeleton":4},"minecraft:crafted":{"minecraft:oak_planks":126,"travelersbackpack:yellow_sleeping_bag":2,"minecraft:glass":56,"minecraft:iron_boots":2,"minecraft:bow":1,"minecraft:chest":6,"minecraft:oak_button":4,"minecraft:stone_hoe":1,"travelersbackpack:iron_tier_upgrade":1,"minecraft:crafting_table":10,"minecraft:spruce_planks":132,"farmersdelight:iron_knife":1,"minecraft:iron_helmet":1,"minecraft:wooden_pickaxe":2,"travelersbackpack:standard":2,"minecraft:brown_dye":1,"minecraft:smithing_table":1,"comforts:sleeping_bag_yellow":1,"minecraft:iron_chestplate":1,"minecraft:diamond_pickaxe":1,"minecraft:stick":32,"minecraft:iron_ingot":17,"minecraft:iron_pickaxe":1,"minecraft:stone_sword":1,"minecraft:wooden_sword":1,"comforts:sleeping_bag_white":1,"travelersbackpack:blank_upgrade":4,"travelersbackpack:gold_tier_upgrade":1,"minecraft:stone_pickaxe":1,"minecraft:wheat":513,"travelersbackpack:backpack_tank":6,"minecraft:iron_sword":3,"better_mob_food:cooked_flesh":4,"minecraft:bucket":1,"minecraft:stone_axe":1,"minecraft:bread":160,"minecraft:air":0,"minecraft:iron_shovel":1,"minecraft:iron_leggings":2,"minecraft:torch":28},"minecraft:broken":{"minecraft:iron_boots":1,"minecraft:iron_chestplate":1,"minecraft:stone_sword":1,"minecraft:iron_pickaxe":1,"minecraft:iron_helmet":1},"minecraft:custom":{"minecraft:animals_bred":2,"minecraft:interact_with_crafting_table":38,"minecraft:open_barrel":9,"minecraft:leave_game":13,"minecraft:time_since_death":5746,"minecraft:sprint_one_cm":408584,"minecraft:damage_blocked_by_shield":55,"vampirism:interact_with_totem":2,"minecraft:drop":79,"tombstone:eaten_lollipop":1,"minecraft:talked_to_villager":8,"minecraft:play_time":313024,"minecraft:deaths":30,"minecraft:jump":3854,"minecraft:interact_with_brewingstand":2,"minecraft:walk_on_water_one_cm":42447,"minecraft:interact_with_furnace":26,"vampirism:interact_with_research_table":3,"minecraft:sleep_in_bed":17,"minecraft:damage_dealt":21443,"minecraft:player_kills":6,"minecraft:crouch_one_cm":34610,"tombstone:undead_killed":55,"minecraft:interact_with_smithing_table":5,"minecraft:interact_with_anvil":2,"minecraft:mob_kills":93,"minecraft:damage_dealt_resisted":3432,"minecraft:climb_one_cm":21897,"minecraft:walk_one_cm":1152832,"minecraft:damage_dealt_absorbed":160,"minecraft:sneak_time":13723,"minecraft:walk_under_water_one_cm":30960,"minecraft:interact_with_lectern":2,"minecraft:interact_with_blast_furnace":11,"minecraft:total_world_time":313024,"vampirism:interact_with_injection_chair":2,"tombstone:raider_killed":2,"vampirism:interact_with_garlic_diffuser":2,"minecraft:interact_with_grindstone":1,"minecraft:time_since_rest":2589,"minecraft:damage_taken":13733,"minecraft:damage_absorbed":40,"minecraft:swim_one_cm":40133,"minecraft:fly_one_cm":733975,"minecraft:open_chest":153,"minecraft:fall_one_cm":112390},"minecraft:used":{"minecraft:iron_shovel":53,"minecraft:chest":3,"comforts:sleeping_bag_yellow":6,"minecraft:shield":2,"minecraft:iron_sword":312,"tombstone:lollipop":1,"vampirism:hunter_axe_enhanced":8,"minecraft:rotten_flesh":5,"minecraft:iron_chestplate":1,"minecraft:milk_bucket":1,"minecraft:quartz_block":1,"minecraft:iron_helmet":1,"minecraft:stone_bricks":14,"minecraft:bow":33,"minecraft:hay_block":4,"minecraft:sweet_berries":2,"minecraft:stone_pickaxe":68,"minecraft:oak_planks":14,"minecraft:wooden_pickaxe":6,"minecraft:golden_apple":2,"minecraft:sand":61,"minecraft:blast_furnace":2,"minecraft:deepslate_tiles":1,"minecraft:bread":111,"tombstone:grave_key":9,"ecologics:coconut_slice":2,"minecraft:wooden_sword":59,"minecraft:grindstone":1,"minecraft:smithing_table":1,"minecraft:smooth_stone_slab":5,"projectvibrantjourneys:sandy_sprouts":1,"minecraft:stone_sword":129,"minecraft:iron_bars":1,"ecologics:crab_claw":4,"minecraft:spruce_planks":45,"minecraft:stone_hoe":63,"minecraft:torch":35,"minecraft:dirt":2,"projectvibrantjourneys:sandstone_rocks":1,"minecraft:cobblestone_wall":1,"projectvibrantjourneys:bones":1,"minecraft:iron_boots":1,"tombstone:gift":8,"minecraft:cobbled_deepslate":17,"minecraft:iron_leggings":1,"farmersdelight:iron_knife":20,"minecraft:water_bucket":10,"minecraft:leather_boots":1,"minecraft:crafting_table":10,"minecraft:white_bed":2,"minecraft:spruce_log":3,"minecraft:book":2,"minecraft:oak_log":3,"tombstone:bag_of_seeds":1,"minecraft:oak_button":4,"minecraft:iron_pickaxe":280,"minecraft:stone_axe":99,"minecraft:cobblestone":20,"minecraft:jungle_door":1,"minecraft:bucket":10,"minecraft:splash_potion":1}},"DataVersion":3465}