{"stats":{"minecraft:broken":{"minecraft:stone_sword":1,"minecraft:iron_helmet":1},"minecraft:crafted":{"minecraft:wooden_sword":1,"minecraft:oak_planks":126,"comforts:sleeping_bag_white":1,"travelersbackpack:yellow_sleeping_bag":2,"travelersbackpack:blank_upgrade":4,"travelersbackpack:gold_tier_upgrade":1,"minecraft:glass":56,"minecraft:bow":1,"minecraft:iron_boots":1,"minecraft:stone_pickaxe":1,"minecraft:chest":5,"minecraft:oak_button":4,"minecraft:stone_hoe":1,"minecraft:wheat":513,"travelersbackpack:iron_tier_upgrade":1,"minecraft:crafting_table":10,"farmersdelight:iron_knife":1,"minecraft:spruce_planks":60,"travelersbackpack:standard":2,"travelersbackpack:backpack_tank":6,"minecraft:wooden_pickaxe":2,"minecraft:brown_dye":1,"minecraft:iron_sword":1,"minecraft:smithing_table":1,"better_mob_food:cooked_flesh":4,"minecraft:bucket":1,"minecraft:stone_axe":1,"minecraft:bread":160,"minecraft:air":0,"comforts:sleeping_bag_yellow":1,"minecraft:diamond_pickaxe":1,"minecraft:iron_ingot":12,"minecraft:stick":32,"minecraft:iron_shovel":1,"minecraft:stone_sword":1,"minecraft:iron_leggings":1,"minecraft:torch":28},"minecraft:killed_by":{"minecraft:creeper":4,"minecraft:spider":3,"minecraft:enderman":1,"hordes:zombie_player":2,"minecraft:skeleton":4,"minecraft:zombie":3},"minecraft:used":{"projectvibrantjourneys:sandy_sprouts":1,"minecraft:iron_bars":1,"ecologics:crab_claw":4,"minecraft:stone_sword":129,"minecraft:iron_shovel":53,"minecraft:chest":2,"minecraft:spruce_planks":34,"comforts:sleeping_bag_yellow":6,"minecraft:shield":2,"minecraft:iron_sword":233,"tombstone:lollipop":1,"vampirism:hunter_axe_enhanced":8,"minecraft:stone_hoe":63,"minecraft:rotten_flesh":5,"minecraft:iron_chestplate":1,"minecraft:torch":31,"minecraft:dirt":2,"projectvibrantjourneys:sandstone_rocks":1,"minecraft:cobblestone_wall":1,"projectvibrantjourneys:bones":1,"minecraft:iron_helmet":1,"minecraft:iron_boots":1,"minecraft:stone_bricks":14,"minecraft:bow":23,"minecraft:hay_block":4,"minecraft:sweet_berries":2,"tombstone:gift":6,"minecraft:iron_leggings":1,"farmersdelight:iron_knife":8,"minecraft:water_bucket":6,"minecraft:stone_pickaxe":68,"minecraft:oak_planks":14,"minecraft:wooden_pickaxe":6,"minecraft:leather_boots":1,"minecraft:golden_apple":1,"minecraft:sand":41,"minecraft:crafting_table":10,"minecraft:blast_furnace":2,"minecraft:white_bed":2,"minecraft:spruce_log":3,"minecraft:book":2,"minecraft:deepslate_tiles":1,"tombstone:bag_of_seeds":1,"minecraft:oak_log":3,"minecraft:iron_pickaxe":97,"minecraft:oak_button":4,"minecraft:bread":79,"tombstone:grave_key":7,"minecraft:stone_axe":65,"ecologics:coconut_slice":2,"minecraft:wooden_sword":59,"minecraft:cobblestone":20,"minecraft:grindstone":1,"minecraft:smithing_table":1,"minecraft:jungle_door":1,"minecraft:bucket":6,"minecraft:smooth_stone_slab":5,"minecraft:splash_potion":1},"minecraft:custom":{"minecraft:interact_with_smithing_table":4,"minecraft:mob_kills":71,"minecraft:animals_bred":1,"minecraft:interact_with_crafting_table":33,"minecraft:open_barrel":8,"minecraft:damage_dealt_resisted":3257,"minecraft:leave_game":6,"minecraft:time_since_death":12069,"minecraft:climb_one_cm":21897,"minecraft:sprint_one_cm":330546,"minecraft:walk_one_cm":959433,"minecraft:damage_blocked_by_shield":55,"minecraft:drop":73,"vampirism:interact_with_totem":2,"tombstone:eaten_lollipop":1,"minecraft:damage_dealt_absorbed":160,"minecraft:talked_to_villager":8,"minecraft:play_time":244990,"minecraft:sneak_time":9956,"minecraft:deaths":23,"minecraft:walk_under_water_one_cm":17351,"minecraft:interact_with_lectern":2,"minecraft:interact_with_brewingstand":2,"minecraft:jump":2902,"minecraft:interact_with_blast_furnace":10,"minecraft:walk_on_water_one_cm":18245,"minecraft:total_world_time":244990,"vampirism:interact_with_injection_chair":2,"minecraft:interact_with_furnace":22,"tombstone:raider_killed":2,"vampirism:interact_with_garlic_diffuser":2,"vampirism:interact_with_research_table":3,"minecraft:interact_with_grindstone":1,"minecraft:sleep_in_bed":16,"minecraft:time_since_rest":6807,"minecraft:damage_taken":10127,"minecraft:damage_absorbed":40,"minecraft:damage_dealt":16960,"minecraft:swim_one_cm":34671,"minecraft:player_kills":3,"minecraft:fly_one_cm":577841,"minecraft:crouch_one_cm":24064,"minecraft:open_chest":117,"tombstone:undead_killed":43,"minecraft:fall_one_cm":78945},"minecraft:killed":{"hordes:zombie_player":5,"minecraft:spider":11,"minecraft:phantom":1,"minecraft:skeleton":18,"minecraft:horse":3,"minecraft:chicken":1,"ecologics:coconut_crab":1,"alexsmobs:bison":1,"minecraft:drowned":1,"minecraft:iron_golem":2,"minecraft:creeper":1,"minecraft:pillager":2,"minecraft:zombie":19,"minecraft:cow":5},"minecraft:dropped":{"minecraft:bread":38,"minecraft:wheat_seeds":1,"vampirism:hunter_axe_enhanced":1,"minecraft:feather":1,"travelersbackpack:standard":1,"minecraft:spruce_stairs":1,"minecraft:stick":5,"minecraft:cyan_terracotta":2,"minecraft:dirt":16,"minecraft:rabbit":3,"travelersbackpack:blank_upgrade":2,"minecraft:snowball":52,"minecraft:jungle_door":1,"minecraft:wooden_sword":2,"minecraft:gold_ingot":10,"minecraft:bone":2,"minecraft:oak_door":1,"minecraft:brown_dye":1,"minecraft:cobblestone_wall":1,"minecraft:smooth_stone_slab":12,"minecraft:beetroot":1,"minecraft:chicken":1,"minecraft:rotten_flesh":11,"projectvibrantjourneys:sea_oats":16,"pointblank:gunmetal_nugget":13,"minecraft:bundle":1,"minecraft:beetroot_seeds":2,"minecraft:mossy_stone_bricks":4,"ecologics:coconut_husk":2,"minecraft:spider_eye":1,"vampirism:crucifix_normal":1,"minecraft:stone_bricks":15,"comforts:sleeping_bag_white":1,"minecraft:iron_bars":3,"minecraft:beef":7,"minecraft:wooden_pickaxe":1,"minecraft:oak_leaves":4},"minecraft:mined":{"minecraft:deepslate_tiles":1,"minecraft:white_bed":2,"minecraft:spruce_planks":3,"minecraft:blue_stained_glass_pane":3,"minecraft:oak_door":1,"projectvibrantjourneys:rocks":1,"minecraft:brewing_stand":2,"minecraft:grass_block":2,"minecraft:spawner":5,"minecraft:hay_block":62,"minecraft:large_fern":4,"minecraft:tall_seagrass":1,"vampirism:potion_table":1,"minecraft:furnace":1,"minecraft:iron_ore":25,"minecraft:bookshelf":7,"minecraft:dirt_path":2,"minecraft:iron_bars":3,"minecraft:white_tulip":2,"minecraft:blue_orchid":1,"minecraft:stone":34,"minecraft:white_wool":9,"projectvibrantjourneys:icicle":1,"minecraft:podzol":1,"minecraft:light_gray_carpet":1,"minecraft:glass_pane":3,"minecraft:quartz_block":4,"projectvibrantjourneys:sea_oats":30,"minecraft:cyan_terracotta":5,"minecraft:blue_stained_glass":2,"minecraft:torch":4,"projectvibrantjourneys:twigs":1,"minecraft:blast_furnace":2,"vampirism:alchemical_cauldron":1,"minecraft:white_stained_glass_pane":4,"minecraft:lectern":2,"minecraft:glass":2,"minecraft:tall_grass":12,"minecraft:lily_pad":1,"minecraft:grindstone":1,"minecraft:oak_planks":1,"minecraft:wall_torch":3,"minecraft:spruce_stairs":1,"farmersdelight:wild_beetroots":2,"minecraft:white_terracotta":1,"minecraft:coarse_dirt":1,"minecraft:cobblestone_wall":2,"minecraft:yellow_wool":11,"minecraft:sweet_berry_bush":3,"minecraft:white_carpet":1,"minecraft:spruce_log":8,"minecraft:orange_tulip":1,"minecraft:smooth_stone_slab":10,"projectvibrantjourneys:sandy_sprouts":4,"minecraft:grass":29,"minecraft:oak_log":25,"minecraft:coal_ore":23,"projectvibrantjourneys:short_grass":16,"minecraft:sand":103,"minecraft:cobweb":10,"minecraft:cracked_stone_bricks":1,"minecraft:stone_bricks":28,"minecraft:mossy_stone_bricks":2,"projectvibrantjourneys:oak_hollow_log":5,"minecraft:oak_leaves":11,"minecraft:fern":2},"minecraft:picked_up":{"sophisticatedbackpacks:gold_backpack":1,"minecraft:coarse_dirt":1,"artifacts:night_vision_goggles":1,"minecraft:chicken":1,"minecraft:yellow_wool":11,"minecraft:brown_mushroom":2,"minecraft:wooden_pickaxe":1,"minecraft:enchanted_book":1,"minecraft:brewing_stand":2,"minecraft:shield":3,"minecraft:moss_carpet":3,"minecraft:string":24,"minecraft:wooden_sword":3,"minecraft:smooth_stone_slab":17,"minecraft:white_carpet":1,"minecraft:beetroot":1,"minecraft:cracked_stone_bricks":1,"minecraft:deepslate_tiles":1,"minecraft:spruce_planks":3,"minecraft:beef":7,"minecraft:white_tulip":1,"minecraft:redstone_torch":1,"projectvibrantjourneys:sandy_sprouts":3,"minecraft:poppy":1,"minecraft:lectern":2,"ecologics:crab_claw":1,"minecraft:furnace":1,"minecraft:stick":10,"minecraft:raw_iron":25,"minecraft:jungle_door":2,"minecraft:oak_door":1,"ecologics:coconut_slice":10,"projectvibrantjourneys:bark_mushroom":2,"minecraft:torch":8,"minecraft:spruce_stairs":1,"pointblank:gunmetal_nugget":91,"vampirism:alchemical_cauldron":1,"tombstone:grave_dust":11,"tombstone:lollipop":1,"minecraft:quartz_block":4,"minecraft:arrow":22,"minecraft:stone_sword":1,"minecraft:rotten_flesh":30,"artifacts:cowboy_hat":4,"minecraft:beetroot_seeds":2,"minecraft:hay_block":111,"minecraft:cyan_terracotta":5,"tombstone:essence_of_undeath":2,"comforts:sleeping_bag_yellow":6,"minecraft:snowball":52,"minecraft:iron_bars":4,"minecraft:white_wool":9,"minecraft:cobblestone":56,"vampirism:vampire_book":2,"minecraft:feather":1,"minecraft:andesite":1,"minecraft:leather":14,"minecraft:red_mushroom":1,"minecraft:oak_log":32,"minecraft:lily_pad":1,"minecraft:cobblestone_wall":3,"minecraft:gunpowder":5,"projectvibrantjourneys:oak_hollow_log":5,"projectvibrantjourneys:sea_oats":29,"minecraft:dirt":18,"minecraft:leather_boots":3,"minecraft:bone":18,"minecraft:stone_bricks":29,"minecraft:apple":9,"minecraft:orange_tulip":1,"minecraft:wheat_seeds":11,"minecraft:oak_fence_gate":1,"projectvibrantjourneys:sandstone_rocks":1,"minecraft:rabbit_hide":2,"minecraft:grindstone":1,"minecraft:iron_ingot":3,"minecraft:stone_pickaxe":2,"tombstone:bag_of_seeds":1,"minecraft:mossy_stone_bricks":4,"minecraft:rabbit":3,"minecraft:stone_hoe":1,"minecraft:oak_planks":17,"vampirism:potion_table":1,"minecraft:book":21,"projectvibrantjourneys:light_brown_bark_mushroom":1,"minecraft:sweet_berries":3,"minecraft:dandelion":1,"projectvibrantjourneys:bones":1,"ecologics:coconut_husk":2,"minecraft:sand":125,"vampirism:crucifix_normal":2,"minecraft:blast_furnace":2,"minecraft:white_bed":2,"minecraft:spruce_log":8,"minecraft:spider_eye":6,"alexsmobs:animal_dictionary":2,"minecraft:bundle":3,"vampirism:oil_bottle":1,"minecraft:stone_axe":1,"minecraft:bread":42,"tombstone:magic_scroll":1,"minecraft:oak_sapling":5,"minecraft:oak_leaves":4,"minecraft:coal":23}},"DataVersion":3465}