{"stats":{"minecraft:broken":{"minecraft:iron_boots":1,"minecraft:iron_chestplate":1,"minecraft:iron_sword":1,"minecraft:stone_sword":1,"minecraft:iron_pickaxe":1,"minecraft:iron_helmet":1,"aether:cold_parachute":2},"minecraft:crafted":{"travelersbackpack:yellow_sleeping_bag":2,"minecraft:glass":67,"minecraft:diamond_helmet":1,"minecraft:diamond_leggings":1,"aether:diamond_gloves":2,"minecraft:emerald":72,"farmersdelight:iron_knife":1,"travelersbackpack:standard":2,"minecraft:smithing_table":1,"minecraft:copper_ingot":43,"minecraft:fletching_table":1,"comforts:sleeping_bag_yellow":1,"minecraft:iron_pickaxe":1,"minecraft:gold_ingot":161,"minecraft:sandstone":10,"minecraft:composter":2,"ecologics:coconut_planks":20,"comforts:sleeping_bag_white":1,"minecraft:bone_meal":273,"travelersbackpack:blank_upgrade":4,"travelersbackpack:gold_tier_upgrade":1,"minecraft:stone_pickaxe":1,"minecraft:diamond_boots":1,"aether:cold_parachute":2,"minecraft:wheat":513,"minecraft:crossbow":16,"better_mob_food:cooked_flesh":169,"minecraft:golden_apple":10,"minecraft:iron_shovel":2,"minecraft:iron_leggings":2,"minecraft:oak_planks":774,"minecraft:cobblestone_slab":6,"minecraft:stone":12,"minecraft:hopper":7,"minecraft:bow":24,"minecraft:iron_boots":2,"minecraft:chest":18,"minecraft:oak_button":4,"minecraft:stone_hoe":1,"minecraft:oak_fence":99,"minecraft:oak_slab":18,"travelersbackpack:iron_tier_upgrade":1,"minecraft:arrow":64,"minecraft:crafting_table":13,"minecraft:spruce_planks":828,"minecraft:wooden_pickaxe":2,"minecraft:iron_helmet":1,"minecraft:brown_dye":1,"minecraft:iron_chestplate":1,"minecraft:diamond_pickaxe":4,"minecraft:stick":2148,"minecraft:iron_ingot":30,"minecraft:stone_sword":1,"minecraft:wooden_sword":1,"minecraft:oak_trapdoor":10,"minecraft:iron_hoe":1,"ecologics:coconut_slab":6,"minecraft:cooked_cod":14,"minecraft:diamond_sword":4,"travelersbackpack:backpack_tank":6,"minecraft:iron_sword":3,"minecraft:bucket":2,"minecraft:stone_axe":1,"minecraft:air":0,"minecraft:bread":160,"tombstone:decorative_grave_cross":1,"minecraft:raw_gold":63,"tombstone:dark_marble":4,"minecraft:torch":28,"minecraft:diamond_chestplate":1},"minecraft:killed_by":{"minecraft:zombie":11,"hordes:zombie_player":2,"minecraft:creeper":6,"minecraft:player":4,"aether:slider":1,"minecraft:spider":4,"minecraft:enderman":1,"minecraft:skeleton":4},"minecraft:used":{"vampirism:altar_infusion":1,"minecraft:chest":20,"comforts:sleeping_bag_yellow":6,"ecologics:coconut_planks":12,"minecraft:rotten_flesh":7,"minecraft:soul_sand":1,"minecraft:skeleton_spawn_egg":1,"minecraft:lava_bucket":9,"minecraft:villager_spawn_egg":2,"minecraft:grass_block":203,"minecraft:quartz_block":1,"minecraft:bow":174,"minecraft:sweet_berries":2,"minecraft:oak_sapling":3,"minecraft:cooked_cod":14,"minecraft:potato":109,"minecraft:wooden_pickaxe":6,"minecraft:composter":2,"minecraft:golden_apple":13,"minecraft:sand":779,"minecraft:blast_furnace":3,"minecraft:deepslate_tiles":1,"minecraft:deepslate_iron_ore":1,"minecraft:diamond_sword":1381,"minecraft:wooden_sword":59,"minecraft:smithing_table":1,"minecraft:birch_log":4,"minecraft:oak_trapdoor":10,"ecologics:crab_claw":4,"minecraft:iron_bars":1,"minecraft:stone_sword":129,"minecraft:torch":187,"minecraft:anvil":2,"minecraft:wheat":1,"ecologics:coconut_slab":6,"minecraft:iron_axe":8,"minecraft:spawner":1,"minecraft:diamond_chestplate":1,"minecraft:glowstone":2,"tombstone:gift":11,"minecraft:cobbled_deepslate":50,"aether:cold_parachute":2,"minecraft:wheat_seeds":16,"farmersdelight:iron_knife":20,"minecraft:water_bucket":44,"minecraft:dirt_path":54,"minecraft:sandstone_stairs":16,"minecraft:fletching_table":6,"minecraft:leather_boots":1,"minecraft:mossy_cobblestone":7,"minecraft:crafting_table":13,"minecraft:white_bed":11,"minecraft:spruce_log":3,"minecraft:oak_log":9,"aether:blue_berry":1,"k_turrets:deepslate_titanium_ore":2,"minecraft:diamond_pickaxe":1162,"minecraft:diamond_shovel":454,"travelersbackpack:bookshelf":3,"minecraft:oak_button":4,"minecraft:iron_pickaxe":285,"minecraft:spruce_sapling":41,"minecraft:cobblestone":364,"minecraft:stripped_oak_log":8,"minecraft:kelp":25,"minecraft:diamond_leggings":1,"minecraft:iron_shovel":81,"minecraft:oak_sign":5,"minecraft:shield":2,"minecraft:iron_sword":459,"tombstone:lollipop":1,"vampirism:hunter_axe_enhanced":9,"minecraft:iron_chestplate":1,"minecraft:tuff":1,"minecraft:milk_bucket":2,"minecraft:glass":10,"minecraft:iron_helmet":1,"minecraft:stone_bricks":14,"minecraft:item_frame":1,"minecraft:birch_button":2,"minecraft:deepslate_diamond_ore":45,"minecraft:hay_block":5,"minecraft:stone_pickaxe":68,"minecraft:oak_planks":122,"minecraft:sandstone":27,"tombstone:decorative_grave_cross":4,"minecraft:diamond_axe":565,"psg:deepslate_sulphur_ore":7,"minecraft:bread":112,"tombstone:grave_key":10,"minecraft:iron_door":1,"minecraft:deepslate":28,"minecraft:gravel":21,"ecologics:coconut_slice":2,"minecraft:grindstone":2,"minecraft:andesite":2,"minecraft:smooth_stone_slab":5,"minecraft:bone_meal":123,"minecraft:experience_bottle":2,"projectvibrantjourneys:sandy_sprouts":1,"minecraft:oak_fence":132,"minecraft:spruce_planks":45,"minecraft:deepslate_gold_ore":22,"minecraft:stone_hoe":63,"minecraft:cooked_chicken":1,"minecraft:dirt":107,"projectvibrantjourneys:sandstone_rocks":1,"minecraft:hopper":11,"minecraft:cobblestone_wall":5,"minecraft:diamond_helmet":1,"projectvibrantjourneys:bones":1,"minecraft:iron_hoe":67,"minecraft:oak_stairs":49,"minecraft:iron_boots":1,"better_mob_food:cooked_flesh":9,"securitycraft:sentry":4,"minecraft:cooked_beef":11,"overworld_netherite_ore:deepslate_ancient_debris_ore":4,"minecraft:iron_leggings":1,"minecraft:cobblestone_slab":159,"minecraft:smoker":2,"minecraft:book":2,"tombstone:bag_of_seeds":5,"minecraft:stone_axe":104,"minecraft:jungle_door":1,"minecraft:bucket":52,"minecraft:yellow_bed":3,"minecraft:splash_potion":1},"minecraft:custom":{"minecraft:interact_with_crafting_table":84,"minecraft:open_barrel":49,"minecraft:leave_game":20,"minecraft:time_since_death":299900,"minecraft:damage_blocked_by_shield":55,"tombstone:eaten_lollipop":1,"minecraft:play_time":845396,"minecraft:deaths":40,"minecraft:jump":7356,"minecraft:enchant_item":24,"minecraft:interact_with_furnace":62,"minecraft:traded_with_villager":107,"minecraft:sleep_in_bed":31,"tombstone:sneak_grave":2,"minecraft:damage_dealt":95995,"tombstone:undead_killed":1600,"minecraft:interact_with_smoker":11,"minecraft:interact_with_smithing_table":5,"minecraft:interact_with_anvil":16,"minecraft:inspect_hopper":7,"minecraft:damage_dealt_absorbed":172,"minecraft:sneak_time":60759,"minecraft:interact_with_lectern":2,"minecraft:interact_with_blast_furnace":24,"minecraft:total_world_time":845396,"vampirism:interact_with_injection_chair":6,"tombstone:raider_killed":2,"vampirism:interact_with_garlic_diffuser":3,"minecraft:time_since_rest":63327,"minecraft:swim_one_cm":78046,"minecraft:fly_one_cm":1548922,"minecraft:open_chest":644,"minecraft:fall_one_cm":324119,"minecraft:animals_bred":2,"minecraft:sprint_one_cm":809457,"vampirism:interact_with_totem":4,"minecraft:drop":483,"minecraft:talked_to_villager":45,"minecraft:interact_with_brewingstand":2,"minecraft:walk_on_water_one_cm":107729,"vampirism:interact_with_research_table":3,"minecraft:player_kills":8,"minecraft:crouch_one_cm":162141,"minecraft:mob_kills":1729,"minecraft:damage_dealt_resisted":11940,"minecraft:climb_one_cm":29880,"minecraft:walk_one_cm":2647334,"vampirism:skills_unlocked":3,"minecraft:walk_under_water_one_cm":88702,"minecraft:interact_with_grindstone":10,"minecraft:damage_taken":18144,"minecraft:damage_absorbed":163},"minecraft:killed":{"alexsmobs:lobster":1,"minecraft:zombie_horse":5,"minecraft:skeleton":481,"minecraft:chicken":4,"ecologics:coconut_crab":1,"alexsmobs:centipede_head":1,"aether:moa":1,"minecraft:iron_golem":2,"aether:sheepuff":2,"minecraft:pillager":2,"minecraft:zombie":1097,"mutantmonsters:mutant_creeper":1,"minecraft:cow":7,"hordes:zombie_player":5,"minecraft:horse":3,"minecraft:husk":7,"minecraft:enderman":3,"minecraft:zombified_piglin":1,"aether:sentry":1,"minecraft:spider":20,"minecraft:silverfish":3,"artifacts:mimic":4,"minecraft:pig":4,"aether:aerwhale":1,"minecraft:creeper":17,"aether:phyg":1,"vampirism:hunter":1,"minecraft:trader_llama":2,"alexsmobs:fly":7,"minecraft:phantom":4,"alexsmobs:bison":1,"minecraft:drowned":4},"minecraft:dropped":{"farmersdelight:iron_knife":1,"minecraft:iron_sword":1,"vampirism:human_heart":1,"projectvibrantjourneys:sandy_sprouts":2,"minecraft:pitcher_pod":6,"minecraft:crossbow":24,"projectvibrantjourneys:orange_bark_mushroom":1,"minecraft:leather_helmet":4,"minecraft:emerald":7,"minecraft:dirt":16,"minecraft:wooden_sword":2,"minecraft:bone_meal":1,"minecraft:sand":11,"minecraft:iron_pickaxe":3,"minecraft:bone":45,"minecraft:oak_door":1,"alexsmobs:centipede_leg":2,"minecraft:golden_chestplate":3,"minecraft:wheat":13,"minecraft:obsidian":11,"minecraft:rotten_flesh":367,"minecraft:oak_planks":11,"minecraft:azure_bluet":1,"projectvibrantjourneys:sea_oats":16,"artifacts:umbrella":2,"minecraft:leather_boots":6,"minecraft:leather_leggings":4,"minecraft:beef":12,"vampirism:item_garlic":1,"farmersdelight:tomato_seeds":3,"minecraft:golden_boots":5,"minecraft:wheat_seeds":38,"minecraft:golden_horse_armor":1,"minecraft:feather":3,"minecraft:iron_helmet":3,"minecraft:cobblestone":27,"minecraft:apple":2,"projectvibrantjourneys:rocks":1,"minecraft:lava_bucket":1,"minecraft:rabbit":3,"travelersbackpack:blank_upgrade":2,"projectvibrantjourneys:seashells":1,"minecraft:oak_stairs":1,"minecraft:chainmail_leggings":1,"minecraft:iron_shovel":4,"minecraft:string":6,"minecraft:lily_pad":1,"artifacts:bunny_hoppers":1,"minecraft:cobblestone_wall":1,"minecraft:cocoa_beans":3,"minecraft:smooth_stone_slab":14,"minecraft:chicken":2,"minecraft:iron_boots":1,"minecraft:torchflower_seeds":1,"minecraft:pumpkin_seeds":7,"minecraft:diamond_sword":1,"minecraft:cobblestone_slab":1,"minecraft:bundle":34,"minecraft:diamond_pickaxe":3,"better_mob_food:cooked_flesh":4,"minecraft:stone_bricks":15,"minecraft:spider_eye":4,"minecraft:sandstone":1,"sophisticatedbackpacks:copper_backpack":1,"minecraft:bow":65,"artifacts:fire_gauntlet":1,"projectvibrantjourneys:bones":1,"travelersbackpack:standard":1,"minecraft:cyan_terracotta":2,"tombstone:bag_of_seeds":14,"projectvibrantjourneys:fallen_leaves":4,"minecraft:snowball":52,"minecraft:birch_log":11,"projectvibrantjourneys:bark_mushroom":2,"minecraft:gold_ingot":17,"minecraft:gravel":1,"minecraft:white_tulip":1,"minecraft:beetroot":3,"ecologics:coconut_log":8,"vampirism:holy_water_bottle_enhanced":1,"minecraft:chainmail_chestplate":1,"minecraft:poppy":1,"minecraft:leather_chestplate":5,"projectvibrantjourneys:light_brown_bark_mushroom":1,"minecraft:gunpowder":58,"minecraft:beetroot_seeds":10,"minecraft:melon_seeds":3,"ecologics:coconut_husk":2,"comforts:sleeping_bag_white":1,"minecraft:iron_bars":3,"minecraft:arrow":114,"minecraft:oak_leaves":4,"minecraft:bread":38,"minecraft:mossy_cobblestone":1,"vampirism:hunter_axe_enhanced":1,"ecologics:coconut_seedling":1,"minecraft:spruce_stairs":1,"minecraft:stick":11,"minecraft:jungle_door":1,"tombstone:grave_dust":37,"minecraft:iron_leggings":1,"artifacts:feral_claws":1,"sophisticatedbackpacks:jukebox_upgrade":1,"minecraft:bucket":2,"alexsmobs:maggot":12,"minecraft:brown_dye":1,"minecraft:coarse_dirt":1,"minecraft:tuff":5,"farmersdelight:cabbage_seeds":2,"pointblank:gunmetal_nugget":169,"alexsmobs:lobster_tail":2,"aether:iron_gloves":2,"minecraft:iron_chestplate":1,"minecraft:mossy_stone_bricks":4,"minecraft:golden_leggings":8,"aether:holystone":1,"vampirism:crucifix_normal":1,"minecraft:wooden_pickaxe":1},"minecraft:mined":{"minecraft:white_bed":6,"minecraft:obsidian":7,"minecraft:hopper":4,"minecraft:oak_wall_sign":2,"minecraft:spawner":7,"minecraft:tall_seagrass":1,"minecraft:cobbled_deepslate":1,"minecraft:fletching_table":3,"minecraft:deepslate_lapis_ore":6,"minecraft:dirt_path":22,"minecraft:oak_stairs":6,"minecraft:blue_orchid":1,"minecraft:kelp_plant":5,"minecraft:smoker":4,"minecraft:blue_stained_glass":2,"minecraft:torch":5,"projectvibrantjourneys:twigs":1,"minecraft:blast_furnace":5,"minecraft:white_stained_glass_pane":4,"minecraft:glass":6,"projectvibrantjourneys:fallen_leaves":3,"minecraft:white_terracotta":1,"minecraft:wheat":14,"overworld_netherite_ore:deepslate_ancient_debris_ore":16,"minecraft:grass":66,"projectvibrantjourneys:short_grass":31,"minecraft:deepslate":196,"minecraft:deepslate_tiles":1,"minecraft:blue_stained_glass_pane":3,"minecraft:mossy_cobblestone":8,"projectvibrantjourneys:rocks":10,"travelersbackpack:bookshelf":2,"minecraft:kelp":1,"minecraft:redstone_ore":7,"vampirism:potion_table":1,"minecraft:andesite":5,"minecraft:potatoes":28,"vampirism:altar_infusion":1,"minecraft:cobblestone_slab":1,"minecraft:vine":3,"projectvibrantjourneys:seashells":2,"minecraft:white_wool":9,"projectvibrantjourneys:icicle":1,"minecraft:smithing_table":1,"minecraft:light_gray_carpet":1,"minecraft:glass_pane":4,"psg:deepslate_sulphur_ore":8,"minecraft:emerald_ore":16,"vampirism:alchemical_cauldron":1,"projectvibrantjourneys:mossy_rocks":2,"minecraft:tall_grass":36,"minecraft:deepslate_gold_ore":68,"minecraft:coarse_dirt":3,"minecraft:cobblestone_wall":4,"minecraft:white_carpet":1,"minecraft:spruce_log":328,"aether:berry_bush":1,"projectvibrantjourneys:sandy_sprouts":5,"minecraft:gravel":29,"minecraft:cobweb":11,"minecraft:stone_bricks":28,"minecraft:gold_ore":17,"projectvibrantjourneys:oak_hollow_log":5,"minecraft:fern":2,"minecraft:spruce_planks":14,"aether:cold_aercloud":10,"minecraft:farmland":1,"minecraft:brewing_stand":2,"minecraft:grass_block":101,"ecologics:coconut_leaves":1,"minecraft:composter":2,"minecraft:iron_ore":74,"minecraft:iron_bars":3,"minecraft:green_bed":1,"projectvibrantjourneys:cattail":3,"minecraft:deepslate_redstone_ore":36,"minecraft:quartz_block":6,"projectvibrantjourneys:sea_oats":30,"minecraft:cyan_terracotta":5,"minecraft:blackstone":2,"minecraft:clay":1,"minecraft:chest":2,"minecraft:cobblestone":75,"minecraft:grindstone":2,"minecraft:oak_planks":15,"minecraft:wall_torch":4,"minecraft:seagrass":3,"minecraft:yellow_wool":11,"minecraft:birch_log":15,"projectvibrantjourneys:bones":1,"aether:aether_grass_block":1,"minecraft:orange_tulip":1,"minecraft:smooth_stone_slab":15,"minecraft:oak_log":192,"minecraft:beetroots":2,"minecraft:sand":465,"minecraft:dirt":24,"aether:ambrosium_ore":3,"minecraft:oak_leaves":20,"minecraft:diamond_ore":9,"minecraft:tuff":15,"ecologics:coconut_planks":3,"minecraft:deepslate_diamond_ore":207,"minecraft:oak_door":1,"ecologics:coconut_log":13,"minecraft:spruce_leaves":20,"minecraft:sandstone":14,"minecraft:large_fern":4,"minecraft:hay_block":64,"minecraft:spruce_sapling":8,"minecraft:furnace":1,"minecraft:carrots":6,"minecraft:bookshelf":9,"minecraft:deepslate_iron_ore":64,"minecraft:stone":450,"minecraft:white_tulip":2,"minecraft:podzol":1,"minecraft:flowering_azalea":1,"ecologics:coconut_slab":2,"minecraft:infested_stone_bricks":2,"minecraft:oak_fence":18,"minecraft:crafting_table":1,"minecraft:lectern":2,"minecraft:lapis_ore":3,"minecraft:lily_pad":1,"minecraft:spruce_stairs":1,"farmersdelight:wild_beetroots":2,"k_turrets:deepslate_titanium_ore":7,"minecraft:sweet_berry_bush":3,"minecraft:yellow_bed":3,"minecraft:coal_ore":30,"minecraft:cracked_stone_bricks":1,"minecraft:mossy_stone_bricks":2},"minecraft:picked_up":{"aether:carved_stone":1,"minecraft:iron_chestplate":1,"vampirism:injection_garlic":1,"minecraft:lead":3,"minecraft:smithing_table":1,"artifacts:bunny_hoppers":2,"minecraft:diamond_sword":1,"minecraft:oak_stairs":6,"minecraft:enchanted_book":3,"minecraft:brewing_stand":2,"securitycraft:reinforced_cobblestone_slab":1,"minecraft:string":42,"minecraft:beetroot":3,"minecraft:gold_nugget":3,"minecraft:cobbled_deepslate":122,"minecraft:spruce_planks":14,"ecologics:crab_claw":2,"minecraft:composter":2,"minecraft:green_bed":1,"vampirism:alchemical_cauldron":1,"alexsmobs:centipede_leg":6,"minecraft:stone_sword":1,"minecraft:red_tulip":1,"minecraft:cyan_terracotta":5,"minecraft:iron_bars":4,"minecraft:snowball":52,"alexsmobs:lobster_tail":2,"minecraft:birch_log":15,"minecraft:feather":8,"minecraft:cooked_beef":5,"minecraft:water_bucket":1,"ecologics:coconut_planks":3,"minecraft:smoker":4,"minecraft:flint":3,"travelersbackpack:ocelot":1,"minecraft:rabbit":3,"vampirism:potion_table":1,"ecologics:coconut_husk":2,"sophisticatedbackpacks:iron_backpack":2,"overworld_netherite_ore:large_ancient_shard":4,"alexsmobs:animal_dictionary":2,"k_turrets:deepslate_titanium_ore":2,"minecraft:bundle":20,"minecraft:deepslate":76,"minecraft:deepslate_gold_ore":22,"overworld_netherite_ore:deepslate_ancient_debris_ore":4,"aether:swet_ball":1,"minecraft:bread":66,"alexsmobs:maggot":17,"aether:blue_aercloud":1,"minecraft:coarse_dirt":2,"minecraft:diamond_pickaxe":3,"sophisticatedbackpacks:gold_backpack":2,"minecraft:crafting_table":1,"minecraft:clay_ball":4,"aether:aether_dirt":1,"aether:blue_berry":3,"minecraft:white_carpet":1,"minecraft:cracked_stone_bricks":1,"minecraft:deepslate_diamond_ore":45,"minecraft:beef":12,"minecraft:cyan_wool":1,"minecraft:poppy":1,"minecraft:chest":3,"minecraft:egg":1,"minecraft:sandstone":12,"minecraft:stone":4,"minecraft:oak_door":1,"pointblank:gunmetal_nugget":1014,"minecraft:carrot":20,"minecraft:redstone":179,"minecraft:beetroot_seeds":17,"minecraft:hay_block":112,"tombstone:essence_of_undeath":4,"sophisticatedbackpacks:copper_backpack":4,"minecraft:mutton":4,"minecraft:white_wool":9,"minecraft:red_mushroom":2,"minecraft:oak_log":200,"overworld_netherite_ore:ancientdebrispiece":11,"minecraft:lily_pad":1,"projectvibrantjourneys:sea_oats":29,"tombstone:gift":1,"minecraft:apple":11,"minecraft:stone_bricks":29,"minecraft:kelp":61,"minecraft:oak_fence_gate":1,"minecraft:stone_pickaxe":2,"tombstone:bag_of_seeds":20,"minecraft:iron_sword":2,"minecraft:flowering_azalea":1,"minecraft:sweet_berries":3,"minecraft:gravel":32,"minecraft:spruce_sapling":43,"minecraft:spruce_log":328,"minecraft:leather_helmet":3,"minecraft:slime_ball":7,"minecraft:stone_axe":2,"projectvibrantjourneys:orange_bark_mushroom":1,"minecraft:hopper":4,"minecraft:ender_pearl":5,"minecraft:wheat":14,"minecraft:yellow_wool":11,"artifacts:umbrella":2,"minecraft:smooth_stone_slab":19,"minecraft:iron_leggings":1,"minecraft:oak_sign":5,"minecraft:deepslate_tiles":1,"minecraft:bucket":1,"minecraft:white_tulip":3,"minecraft:cobblestone_slab":1,"minecraft:redstone_torch":1,"minecraft:iron_pickaxe":1,"minecraft:deepslate_iron_ore":1,"minecraft:iron_boots":1,"minecraft:furnace":1,"minecraft:stick":52,"minecraft:jungle_door":2,"minecraft:oak_fence":18,"minecraft:torch":33,"ecologics:coconut_seedling":1,"minecraft:spruce_stairs":1,"minecraft:porkchop":13,"vampirism:holy_water_bottle_enhanced":1,"tombstone:grave_dust":137,"tombstone:lollipop":1,"minecraft:quartz_block":5,"projectvibrantjourneys:seashells":1,"minecraft:rotten_flesh":570,"ecologics:coconut_log":13,"comforts:sleeping_bag_yellow":6,"minecraft:obsidian":7,"minecraft:cobblestone":194,"vampirism:vampire_book":2,"minecraft:leather_chestplate":2,"minecraft:andesite":3,"projectvibrantjourneys:fallen_leaves":4,"minecraft:golden_leggings":1,"minecraft:potato":119,"minecraft:tuff":14,"projectvibrantjourneys:oak_hollow_log":5,"projectvibrantjourneys:rocks":2,"minecraft:dirt":157,"minecraft:lapis_lazuli":56,"minecraft:leather_boots":3,"minecraft:glass":4,"travelersbackpack:bookshelf":2,"minecraft:bone":237,"minecraft:bow":32,"minecraft:orange_tulip":1,"minecraft:wheat_seeds":63,"aether:holystone":1,"minecraft:raw_gold":91,"minecraft:grindstone":2,"aether:cold_aercloud":10,"minecraft:mossy_stone_bricks":4,"minecraft:fletching_table":3,"travelersbackpack:gold":1,"minecraft:stone_hoe":1,"minecraft:oak_planks":66,"minecraft:sand":585,"vampirism:crucifix_normal":2,"projectvibrantjourneys:beach_grass":5,"farmersdelight:ham":2,"minecraft:mossy_cobblestone":9,"vampirism:oil_bottle":1,"minecraft:diamond":221,"aether:ambrosium_shard":6,"minecraft:crossbow":8,"minecraft:bone_meal":1,"minecraft:golden_apple":2,"minecraft:emerald":7,"minecraft:oak_sapling":46,"minecraft:oak_leaves":4,"minecraft:azure_bluet":1,"artifacts:night_vision_goggles":3,"minecraft:chicken":9,"minecraft:brown_mushroom":3,"minecraft:wooden_pickaxe":1,"minecraft:pink_wool":1,"minecraft:shield":3,"minecraft:moss_carpet":3,"minecraft:wooden_sword":3,"artifacts:feral_claws":2,"minecraft:item_frame":1,"minecraft:blackstone":2,"projectvibrantjourneys:sandy_sprouts":7,"minecraft:lectern":2,"ecologics:coconut_slab":2,"minecraft:raw_iron":137,"projectvibrantjourneys:bark_mushroom":4,"ecologics:coconut_slice":14,"minecraft:copper_ingot":4,"artifacts:vampiric_glove":1,"minecraft:trident":1,"minecraft:arrow":170,"artifacts:cowboy_hat":5,"k_turrets:raw_titanium":3,"minecraft:glow_ink_sac":4,"minecraft:leather":21,"artifacts:onion_ring":1,"minecraft:chainmail_chestplate":1,"minecraft:gunpowder":51,"minecraft:yellow_bed":3,"minecraft:cobblestone_wall":11,"tombstone:decorative_grave_cross":1,"vampirism:human_heart":1,"projectvibrantjourneys:sandstone_rocks":1,"minecraft:rabbit_hide":2,"minecraft:iron_ingot":3,"psg:deepslate_sulphur_ore":8,"minecraft:soul_sand":14,"minecraft:book":27,"projectvibrantjourneys:light_brown_bark_mushroom":3,"minecraft:dandelion":1,"projectvibrantjourneys:bones":2,"minecraft:blast_furnace":5,"minecraft:white_bed":6,"vampirism:altar_infusion":1,"artifacts:scarf_of_invisibility":3,"minecraft:spider_eye":28,"minecraft:chainmail_leggings":1,"minecraft:iron_helmet":1,"tombstone:magic_scroll":16,"aether:golden_dart":7,"minecraft:coal":30}},"DataVersion":3465}