{"stats":{"minecraft:killed_by":{"minecraft:creeper":1,"minecraft:spider":2,"hordes:zombie_player":2,"minecraft:skeleton":2,"minecraft:zombie":2},"minecraft:picked_up":{"minecraft:coarse_dirt":1,"minecraft:chicken":1,"minecraft:yellow_wool":6,"minecraft:wooden_pickaxe":1,"minecraft:enchanted_book":1,"minecraft:brewing_stand":1,"minecraft:shield":3,"minecraft:string":15,"minecraft:wooden_sword":3,"minecraft:smooth_stone_slab":13,"minecraft:beetroot":1,"minecraft:cracked_stone_bricks":1,"minecraft:spruce_planks":1,"minecraft:beef":7,"minecraft:redstone_torch":1,"projectvibrantjourneys:sandy_sprouts":1,"minecraft:lectern":2,"ecologics:crab_claw":1,"minecraft:stick":9,"minecraft:raw_iron":7,"ecologics:coconut_slice":10,"minecraft:torch":4,"minecraft:spruce_stairs":1,"pointblank:gunmetal_nugget":33,"vampirism:alchemical_cauldron":1,"tombstone:grave_dust":4,"tombstone:lollipop":1,"minecraft:rotten_flesh":10,"minecraft:quartz_block":2,"minecraft:arrow":10,"minecraft:stone_sword":1,"artifacts:cowboy_hat":2,"minecraft:beetroot_seeds":2,"minecraft:hay_block":111,"tombstone:essence_of_undeath":2,"comforts:sleeping_bag_yellow":4,"minecraft:iron_bars":1,"minecraft:cobblestone":35,"minecraft:white_wool":6,"minecraft:feather":1,"minecraft:leather":1,"minecraft:oak_log":21,"minecraft:cobblestone_wall":3,"projectvibrantjourneys:sea_oats":16,"minecraft:dirt":2,"minecraft:leather_boots":3,"minecraft:bone":4,"minecraft:apple":9,"minecraft:stone_bricks":29,"minecraft:wheat_seeds":2,"projectvibrantjourneys:sandstone_rocks":1,"minecraft:stone_pickaxe":2,"tombstone:bag_of_seeds":1,"minecraft:mossy_stone_bricks":2,"minecraft:oak_planks":16,"minecraft:stone_hoe":1,"vampirism:potion_table":1,"minecraft:book":9,"projectvibrantjourneys:light_brown_bark_mushroom":1,"minecraft:sweet_berries":3,"projectvibrantjourneys:bones":1,"ecologics:coconut_husk":2,"minecraft:sand":70,"vampirism:crucifix_normal":2,"minecraft:spruce_log":8,"minecraft:spider_eye":3,"alexsmobs:animal_dictionary":1,"minecraft:bundle":1,"vampirism:oil_bottle":1,"minecraft:stone_axe":1,"minecraft:bread":42,"tombstone:magic_scroll":1,"minecraft:oak_sapling":2,"minecraft:coal":6,"minecraft:oak_leaves":4},"minecraft:killed":{"hordes:zombie_player":5,"minecraft:spider":6,"minecraft:horse":2,"minecraft:skeleton":7,"minecraft:chicken":1,"alexsmobs:bison":1,"ecologics:coconut_crab":1,"minecraft:drowned":1,"minecraft:iron_golem":1,"minecraft:pillager":2,"minecraft:zombie":4,"minecraft:cow":4},"minecraft:custom":{"minecraft:mob_kills":35,"minecraft:interact_with_crafting_table":14,"minecraft:open_barrel":7,"minecraft:damage_dealt_resisted":799,"minecraft:leave_game":5,"minecraft:time_since_death":19438,"minecraft:climb_one_cm":10418,"minecraft:sprint_one_cm":206823,"minecraft:walk_one_cm":594456,"minecraft:damage_blocked_by_shield":55,"vampirism:interact_with_totem":2,"minecraft:drop":29,"tombstone:eaten_lollipop":1,"minecraft:damage_dealt_absorbed":80,"minecraft:talked_to_villager":4,"minecraft:play_time":153726,"minecraft:deaths":14,"minecraft:sneak_time":6429,"minecraft:walk_under_water_one_cm":11945,"minecraft:interact_with_lectern":2,"minecraft:jump":1846,"minecraft:interact_with_brewingstand":1,"minecraft:interact_with_blast_furnace":1,"minecraft:walk_on_water_one_cm":8811,"minecraft:total_world_time":153726,"tombstone:raider_killed":2,"vampirism:interact_with_research_table":2,"vampirism:interact_with_garlic_diffuser":2,"minecraft:sleep_in_bed":11,"minecraft:time_since_rest":3673,"minecraft:damage_taken":5746,"minecraft:damage_absorbed":40,"minecraft:damage_dealt":6951,"minecraft:swim_one_cm":31469,"minecraft:fly_one_cm":389683,"minecraft:open_chest":51,"minecraft:crouch_one_cm":14699,"tombstone:undead_killed":17,"minecraft:fall_one_cm":48736},"minecraft:dropped":{"minecraft:bread":38,"minecraft:wheat_seeds":1,"vampirism:hunter_axe_enhanced":1,"minecraft:feather":1,"minecraft:spruce_stairs":1,"minecraft:stick":5,"minecraft:wooden_sword":2,"minecraft:bone":1,"minecraft:brown_dye":1,"minecraft:cobblestone_wall":1,"minecraft:smooth_stone_slab":8,"minecraft:chicken":1,"minecraft:beetroot":1,"minecraft:rotten_flesh":4,"projectvibrantjourneys:sea_oats":16,"pointblank:gunmetal_nugget":13,"minecraft:bundle":1,"minecraft:beetroot_seeds":2,"ecologics:coconut_husk":2,"vampirism:crucifix_normal":1,"minecraft:stone_bricks":4,"comforts:sleeping_bag_white":1,"minecraft:iron_bars":1,"minecraft:wooden_pickaxe":1,"minecraft:oak_leaves":4},"minecraft:broken":{"minecraft:stone_sword":1},"minecraft:used":{"projectvibrantjourneys:sandy_sprouts":1,"ecologics:crab_claw":4,"minecraft:stone_sword":129,"minecraft:chest":1,"minecraft:spruce_planks":4,"comforts:sleeping_bag_yellow":4,"minecraft:shield":2,"tombstone:lollipop":1,"vampirism:hunter_axe_enhanced":8,"minecraft:stone_hoe":63,"minecraft:rotten_flesh":5,"minecraft:iron_chestplate":1,"minecraft:torch":12,"minecraft:dirt":2,"projectvibrantjourneys:sandstone_rocks":1,"minecraft:cobblestone_wall":1,"projectvibrantjourneys:bones":1,"minecraft:iron_helmet":1,"minecraft:iron_boots":1,"minecraft:stone_bricks":14,"minecraft:bow":5,"minecraft:hay_block":4,"minecraft:sweet_berries":2,"tombstone:gift":6,"minecraft:stone_pickaxe":68,"minecraft:wooden_pickaxe":6,"minecraft:leather_boots":1,"minecraft:golden_apple":1,"minecraft:sand":39,"minecraft:crafting_table":7,"minecraft:spruce_log":3,"minecraft:book":2,"tombstone:bag_of_seeds":1,"minecraft:oak_log":3,"minecraft:iron_pickaxe":20,"minecraft:oak_button":4,"minecraft:bread":41,"tombstone:grave_key":5,"minecraft:stone_axe":47,"ecologics:coconut_slice":2,"minecraft:wooden_sword":59,"minecraft:smooth_stone_slab":5},"minecraft:mined":{"minecraft:spruce_planks":1,"minecraft:blue_stained_glass_pane":2,"minecraft:brewing_stand":1,"minecraft:grass_block":2,"minecraft:spawner":5,"minecraft:large_fern":3,"minecraft:hay_block":62,"vampirism:potion_table":1,"minecraft:iron_ore":7,"minecraft:bookshelf":3,"minecraft:dirt_path":2,"minecraft:iron_bars":1,"minecraft:blue_orchid":1,"minecraft:stone":16,"minecraft:white_wool":6,"minecraft:podzol":1,"minecraft:glass_pane":2,"minecraft:quartz_block":2,"projectvibrantjourneys:sea_oats":18,"minecraft:torch":3,"projectvibrantjourneys:twigs":1,"vampirism:alchemical_cauldron":1,"minecraft:lectern":2,"minecraft:glass":2,"minecraft:tall_grass":8,"minecraft:wall_torch":1,"minecraft:spruce_stairs":1,"farmersdelight:wild_beetroots":2,"minecraft:white_terracotta":1,"minecraft:coarse_dirt":1,"minecraft:cobblestone_wall":2,"minecraft:yellow_wool":6,"minecraft:sweet_berry_bush":3,"minecraft:spruce_log":8,"minecraft:smooth_stone_slab":7,"minecraft:grass":15,"minecraft:oak_log":24,"projectvibrantjourneys:sandy_sprouts":1,"minecraft:coal_ore":6,"projectvibrantjourneys:short_grass":10,"minecraft:sand":48,"minecraft:cobweb":4,"minecraft:stone_bricks":28,"minecraft:mossy_stone_bricks":2,"minecraft:oak_leaves":7,"minecraft:fern":1},"minecraft:crafted":{"minecraft:wooden_sword":1,"minecraft:oak_planks":48,"comforts:sleeping_bag_white":1,"minecraft:bow":1,"minecraft:iron_boots":1,"minecraft:stone_pickaxe":1,"minecraft:chest":1,"minecraft:oak_button":4,"minecraft:stone_hoe":1,"minecraft:wheat":288,"minecraft:crafting_table":7,"minecraft:spruce_planks":52,"minecraft:wooden_pickaxe":2,"minecraft:brown_dye":1,"minecraft:stone_axe":1,"minecraft:bread":85,"comforts:sleeping_bag_yellow":1,"minecraft:stick":20,"minecraft:stone_sword":1,"minecraft:torch":8}},"DataVersion":3465}