{"stats":{"minecraft:killed_by":{"minecraft:creeper":1,"minecraft:spider":2,"hordes:zombie_player":2,"minecraft:skeleton":4,"minecraft:zombie":2},"minecraft:picked_up":{"minecraft:coarse_dirt":1,"minecraft:chicken":1,"minecraft:yellow_wool":6,"minecraft:wooden_pickaxe":1,"minecraft:enchanted_book":1,"minecraft:brewing_stand":1,"minecraft:shield":3,"minecraft:string":21,"minecraft:wooden_sword":3,"minecraft:smooth_stone_slab":17,"minecraft:white_carpet":1,"minecraft:beetroot":1,"minecraft:cracked_stone_bricks":1,"minecraft:deepslate_tiles":1,"minecraft:spruce_planks":3,"minecraft:beef":7,"minecraft:redstone_torch":1,"projectvibrantjourneys:sandy_sprouts":1,"minecraft:lectern":2,"minecraft:furnace":1,"ecologics:crab_claw":1,"minecraft:stick":9,"minecraft:raw_iron":7,"minecraft:jungle_door":2,"ecologics:coconut_slice":10,"minecraft:torch":6,"minecraft:spruce_stairs":1,"pointblank:gunmetal_nugget":70,"vampirism:alchemical_cauldron":1,"tombstone:grave_dust":5,"tombstone:lollipop":1,"minecraft:rotten_flesh":20,"minecraft:quartz_block":4,"minecraft:arrow":19,"minecraft:stone_sword":1,"artifacts:cowboy_hat":2,"minecraft:beetroot_seeds":2,"minecraft:hay_block":111,"minecraft:cyan_terracotta":5,"tombstone:essence_of_undeath":2,"comforts:sleeping_bag_yellow":6,"minecraft:iron_bars":1,"minecraft:cobblestone":35,"minecraft:white_wool":6,"minecraft:feather":1,"minecraft:leather":3,"minecraft:oak_log":21,"minecraft:gunpowder":1,"minecraft:cobblestone_wall":3,"projectvibrantjourneys:sea_oats":16,"minecraft:dirt":2,"minecraft:leather_boots":3,"minecraft:bone":17,"minecraft:apple":9,"minecraft:stone_bricks":29,"minecraft:wheat_seeds":2,"projectvibrantjourneys:sandstone_rocks":1,"minecraft:iron_ingot":3,"minecraft:rabbit_hide":2,"minecraft:grindstone":1,"minecraft:stone_pickaxe":2,"tombstone:bag_of_seeds":1,"minecraft:mossy_stone_bricks":4,"minecraft:rabbit":3,"minecraft:oak_planks":17,"minecraft:stone_hoe":1,"vampirism:potion_table":1,"minecraft:book":21,"projectvibrantjourneys:light_brown_bark_mushroom":1,"minecraft:sweet_berries":3,"projectvibrantjourneys:bones":1,"ecologics:coconut_husk":2,"minecraft:sand":70,"vampirism:crucifix_normal":2,"minecraft:blast_furnace":2,"minecraft:spruce_log":8,"minecraft:spider_eye":5,"alexsmobs:animal_dictionary":1,"minecraft:bundle":1,"vampirism:oil_bottle":1,"minecraft:stone_axe":1,"minecraft:bread":42,"tombstone:magic_scroll":1,"minecraft:oak_sapling":2,"minecraft:coal":6,"minecraft:oak_leaves":4},"minecraft:killed":{"hordes:zombie_player":5,"minecraft:spider":7,"minecraft:horse":3,"minecraft:skeleton":15,"minecraft:chicken":1,"alexsmobs:bison":1,"ecologics:coconut_crab":1,"minecraft:drowned":1,"minecraft:iron_golem":2,"minecraft:pillager":2,"minecraft:zombie":13,"minecraft:cow":5},"minecraft:custom":{"minecraft:mob_kills":56,"minecraft:interact_with_crafting_table":16,"minecraft:open_barrel":8,"minecraft:damage_dealt_resisted":2411,"minecraft:leave_game":5,"minecraft:time_since_death":6811,"minecraft:climb_one_cm":14892,"minecraft:sprint_one_cm":277813,"minecraft:walk_one_cm":787855,"minecraft:damage_blocked_by_shield":55,"vampirism:interact_with_totem":2,"minecraft:drop":45,"tombstone:eaten_lollipop":1,"minecraft:damage_dealt_absorbed":160,"minecraft:talked_to_villager":7,"minecraft:play_time":189726,"minecraft:deaths":17,"minecraft:sneak_time":8183,"minecraft:walk_under_water_one_cm":13905,"minecraft:interact_with_lectern":2,"minecraft:jump":2404,"minecraft:interact_with_brewingstand":1,"minecraft:interact_with_blast_furnace":1,"minecraft:walk_on_water_one_cm":9663,"minecraft:total_world_time":189726,"vampirism:interact_with_injection_chair":2,"minecraft:interact_with_furnace":5,"tombstone:raider_killed":2,"vampirism:interact_with_research_table":3,"vampirism:interact_with_garlic_diffuser":2,"minecraft:interact_with_grindstone":1,"minecraft:sleep_in_bed":13,"minecraft:time_since_rest":4711,"minecraft:damage_taken":7594,"minecraft:damage_absorbed":40,"minecraft:damage_dealt":12420,"minecraft:swim_one_cm":34671,"minecraft:player_kills":1,"minecraft:fly_one_cm":510019,"minecraft:open_chest":64,"minecraft:crouch_one_cm":18711,"tombstone:undead_killed":34,"minecraft:fall_one_cm":65144},"minecraft:dropped":{"minecraft:bread":38,"minecraft:wheat_seeds":1,"vampirism:hunter_axe_enhanced":1,"minecraft:feather":1,"minecraft:spruce_stairs":1,"minecraft:stick":5,"minecraft:cyan_terracotta":2,"minecraft:rabbit":3,"minecraft:jungle_door":1,"minecraft:wooden_sword":2,"minecraft:bone":2,"minecraft:brown_dye":1,"minecraft:cobblestone_wall":1,"minecraft:smooth_stone_slab":12,"minecraft:chicken":1,"minecraft:beetroot":1,"minecraft:rotten_flesh":9,"projectvibrantjourneys:sea_oats":16,"pointblank:gunmetal_nugget":13,"minecraft:bundle":1,"minecraft:beetroot_seeds":2,"minecraft:mossy_stone_bricks":4,"ecologics:coconut_husk":2,"minecraft:spider_eye":1,"vampirism:crucifix_normal":1,"minecraft:stone_bricks":15,"comforts:sleeping_bag_white":1,"minecraft:iron_bars":1,"minecraft:beef":7,"minecraft:wooden_pickaxe":1,"minecraft:oak_leaves":4},"minecraft:broken":{"minecraft:stone_sword":1},"minecraft:used":{"projectvibrantjourneys:sandy_sprouts":1,"ecologics:crab_claw":4,"minecraft:stone_sword":129,"minecraft:chest":1,"minecraft:spruce_planks":32,"comforts:sleeping_bag_yellow":6,"minecraft:shield":2,"minecraft:iron_sword":121,"tombstone:lollipop":1,"vampirism:hunter_axe_enhanced":8,"minecraft:stone_hoe":63,"minecraft:rotten_flesh":5,"minecraft:iron_chestplate":1,"minecraft:torch":29,"minecraft:dirt":2,"projectvibrantjourneys:sandstone_rocks":1,"minecraft:cobblestone_wall":1,"projectvibrantjourneys:bones":1,"minecraft:iron_helmet":1,"minecraft:iron_boots":1,"minecraft:stone_bricks":14,"minecraft:bow":12,"minecraft:hay_block":4,"minecraft:sweet_berries":2,"tombstone:gift":6,"minecraft:iron_leggings":1,"minecraft:stone_pickaxe":68,"minecraft:oak_planks":14,"minecraft:wooden_pickaxe":6,"minecraft:leather_boots":1,"minecraft:golden_apple":1,"minecraft:sand":39,"minecraft:crafting_table":9,"minecraft:blast_furnace":1,"minecraft:spruce_log":3,"minecraft:book":2,"minecraft:deepslate_tiles":1,"tombstone:bag_of_seeds":1,"minecraft:oak_log":3,"minecraft:iron_pickaxe":46,"minecraft:oak_button":4,"minecraft:bread":67,"tombstone:grave_key":6,"minecraft:stone_axe":55,"ecologics:coconut_slice":2,"minecraft:wooden_sword":59,"minecraft:grindstone":1,"minecraft:jungle_door":1,"minecraft:smooth_stone_slab":5},"minecraft:mined":{"minecraft:deepslate_tiles":1,"minecraft:spruce_planks":3,"minecraft:blue_stained_glass_pane":3,"minecraft:brewing_stand":1,"minecraft:grass_block":2,"minecraft:spawner":5,"minecraft:large_fern":3,"minecraft:hay_block":62,"minecraft:tall_seagrass":1,"vampirism:potion_table":1,"minecraft:furnace":1,"minecraft:iron_ore":7,"minecraft:bookshelf":7,"minecraft:dirt_path":2,"minecraft:iron_bars":2,"minecraft:blue_orchid":1,"minecraft:stone":20,"minecraft:white_wool":6,"projectvibrantjourneys:icicle":1,"minecraft:podzol":1,"minecraft:light_gray_carpet":1,"minecraft:glass_pane":2,"minecraft:quartz_block":4,"projectvibrantjourneys:sea_oats":18,"minecraft:cyan_terracotta":5,"minecraft:blue_stained_glass":2,"minecraft:torch":3,"projectvibrantjourneys:twigs":1,"minecraft:blast_furnace":2,"minecraft:white_stained_glass_pane":4,"vampirism:alchemical_cauldron":1,"minecraft:lectern":2,"minecraft:glass":2,"minecraft:tall_grass":8,"minecraft:grindstone":1,"minecraft:oak_planks":1,"minecraft:wall_torch":3,"minecraft:spruce_stairs":1,"farmersdelight:wild_beetroots":2,"minecraft:white_terracotta":1,"minecraft:coarse_dirt":1,"minecraft:cobblestone_wall":2,"minecraft:yellow_wool":6,"minecraft:sweet_berry_bush":3,"minecraft:white_carpet":1,"minecraft:spruce_log":8,"minecraft:smooth_stone_slab":10,"minecraft:grass":15,"minecraft:oak_log":24,"projectvibrantjourneys:sandy_sprouts":1,"minecraft:coal_ore":6,"projectvibrantjourneys:short_grass":10,"minecraft:sand":48,"minecraft:cobweb":10,"minecraft:cracked_stone_bricks":1,"minecraft:stone_bricks":28,"minecraft:mossy_stone_bricks":2,"minecraft:oak_leaves":7,"minecraft:fern":1},"minecraft:crafted":{"minecraft:wooden_sword":1,"minecraft:oak_planks":72,"comforts:sleeping_bag_white":1,"minecraft:bow":1,"minecraft:iron_boots":1,"minecraft:stone_pickaxe":1,"minecraft:chest":1,"minecraft:oak_button":4,"minecraft:stone_hoe":1,"minecraft:wheat":288,"minecraft:crafting_table":9,"minecraft:spruce_planks":60,"minecraft:wooden_pickaxe":2,"minecraft:brown_dye":1,"minecraft:iron_sword":1,"better_mob_food:cooked_flesh":4,"minecraft:stone_axe":1,"minecraft:air":0,"minecraft:bread":85,"comforts:sleeping_bag_yellow":1,"minecraft:stick":24,"minecraft:iron_leggings":1,"minecraft:stone_sword":1,"minecraft:torch":28}},"DataVersion":3465}