{"stats":{"minecraft:custom":{"minecraft:interact_with_crafting_table":109,"minecraft:open_barrel":94,"minecraft:leave_game":24,"minecraft:time_since_death":6491,"minecraft:damage_blocked_by_shield":55,"tombstone:eaten_lollipop":1,"minecraft:play_time":1167697,"minecraft:deaths":41,"minecraft:jump":9525,"minecraft:enchant_item":30,"minecraft:interact_with_furnace":83,"minecraft:traded_with_villager":133,"minecraft:sleep_in_bed":37,"tombstone:sneak_grave":2,"minecraft:damage_dealt":121930,"tombstone:undead_killed":1849,"minecraft:interact_with_smoker":13,"minecraft:interact_with_smithing_table":5,"minecraft:interact_with_anvil":29,"minecraft:inspect_hopper":8,"minecraft:damage_dealt_absorbed":172,"minecraft:sneak_time":74580,"minecraft:interact_with_lectern":2,"minecraft:interact_with_blast_furnace":36,"minecraft:total_world_time":1167697,"vampirism:interact_with_injection_chair":6,"tombstone:raider_killed":3,"vampirism:interact_with_garlic_diffuser":4,"minecraft:time_since_rest":6115,"tombstone:cast_on_ally":1,"minecraft:swim_one_cm":174070,"minecraft:fly_one_cm":2029107,"minecraft:open_chest":836,"minecraft:fall_one_cm":466928,"minecraft:animals_bred":2,"minecraft:sprint_one_cm":979647,"vampirism:interact_with_totem":7,"minecraft:drop":779,"minecraft:talked_to_villager":55,"minecraft:interact_with_brewingstand":10,"minecraft:walk_on_water_one_cm":127776,"vampirism:interact_with_research_table":3,"minecraft:player_kills":8,"minecraft:crouch_one_cm":198680,"minecraft:mob_kills":2059,"minecraft:damage_dealt_resisted":16532,"minecraft:climb_one_cm":33760,"minecraft:walk_one_cm":3549990,"vampirism:skills_unlocked":3,"minecraft:walk_under_water_one_cm":116304,"minecraft:boat_one_cm":9408,"minecraft:interact_with_grindstone":13,"minecraft:damage_taken":20653,"minecraft:damage_absorbed":530,"minecraft:trigger_trapped_chest":3},"minecraft:broken":{"minecraft:iron_boots":1,"minecraft:iron_chestplate":1,"minecraft:iron_sword":1,"minecraft:stone_sword":1,"minecraft:iron_pickaxe":1,"minecraft:iron_helmet":1,"aether:cold_parachute":2},"minecraft:killed":{"minecraft:cave_spider":6,"alexsmobs:lobster":1,"vampirism:vampire":6,"vampirism:advanced_vampire":1,"minecraft:zombie_horse":5,"minecraft:skeleton":559,"minecraft:guardian":1,"minecraft:chicken":4,"ecologics:coconut_crab":1,"alexsmobs:centipede_head":3,"aether:moa":1,"minecraft:iron_golem":2,"aether:sheepuff":2,"minecraft:pillager":2,"alexsmobs:flutter":1,"minecraft:zombie":1214,"alexsmobs:cachalot_whale":2,"mutantmonsters:mutant_creeper":2,"minecraft:cow":11,"hordes:zombie_player":5,"minecraft:horse":3,"minecraft:husk":7,"mutantmonsters:creeper_minion":4,"minecraft:enderman":3,"minecraft:zombified_piglin":42,"aether:sentry":1,"minecraft:spider":24,"minecraft:silverfish":3,"artifacts:mimic":9,"minecraft:piglin":3,"minecraft:pig":4,"minecraft:zombie_villager":8,"aether:aerwhale":1,"minecraft:creeper":30,"aether:phyg":1,"vampirism:hunter":7,"minecraft:trader_llama":2,"alexsmobs:fly":7,"minecraft:phantom":13,"alexsmobs:bison":1,"minecraft:drowned":8,"minecraft:bat":3},"minecraft:dropped":{"farmersdelight:iron_knife":1,"minecraft:iron_sword":1,"vampirism:human_heart":2,"minecraft:spore_blossom":2,"projectvibrantjourneys:sandy_sprouts":2,"minecraft:pitcher_pod":6,"minecraft:crossbow":24,"minecraft:fletching_table":1,"minecraft:rail":14,"projectvibrantjourneys:orange_bark_mushroom":1,"minecraft:leather_helmet":4,"minecraft:emerald":7,"minecraft:dirt":16,"artifacts:charm_of_sinking":1,"minecraft:wooden_sword":2,"minecraft:bone_meal":1,"minecraft:sand":11,"minecraft:iron_pickaxe":3,"minecraft:bone":59,"minecraft:oak_door":1,"alexsmobs:centipede_leg":2,"minecraft:golden_chestplate":3,"minecraft:cobbled_deepslate":64,"minecraft:wheat":13,"minecraft:obsidian":11,"minecraft:rotten_flesh":422,"minecraft:oak_planks":11,"minecraft:azure_bluet":1,"projectvibrantjourneys:sea_oats":16,"psg:sulphur":18,"artifacts:umbrella":2,"minecraft:leather_boots":6,"minecraft:leather_leggings":4,"minecraft:beef":12,"vampirism:item_garlic":1,"farmersdelight:tomato_seeds":3,"minecraft:golden_boots":5,"minecraft:wheat_seeds":43,"minecraft:golden_horse_armor":1,"minecraft:oak_fence":2,"minecraft:iron_helmet":3,"minecraft:feather":3,"minecraft:cobblestone":29,"minecraft:apple":54,"projectvibrantjourneys:rocks":4,"minecraft:lava_bucket":1,"minecraft:rabbit":3,"travelersbackpack:blank_upgrade":2,"projectvibrantjourneys:seashells":1,"minecraft:oak_stairs":1,"minecraft:chainmail_leggings":1,"minecraft:iron_shovel":4,"minecraft:string":8,"minecraft:lily_pad":1,"artifacts:bunny_hoppers":1,"minecraft:moss_carpet":9,"minecraft:cobblestone_wall":1,"minecraft:cocoa_beans":3,"minecraft:smooth_stone_slab":14,"minecraft:deepslate":4,"minecraft:chicken":2,"minecraft:clay_ball":56,"minecraft:iron_boots":1,"minecraft:stone_slab":1,"minecraft:torchflower_seeds":1,"minecraft:pumpkin_seeds":7,"minecraft:diamond_sword":1,"minecraft:big_dripleaf":8,"minecraft:potato":321,"minecraft:cobblestone_slab":1,"minecraft:bundle":34,"minecraft:diamond_pickaxe":3,"better_mob_food:cooked_flesh":4,"minecraft:spider_eye":8,"minecraft:stone_bricks":15,"minecraft:sandstone":2,"sophisticatedbackpacks:copper_backpack":1,"minecraft:bow":67,"ecologics:seashell":1,"artifacts:fire_gauntlet":1,"minecraft:moss_block":153,"projectvibrantjourneys:bones":2,"travelersbackpack:standard":1,"minecraft:cyan_terracotta":2,"tombstone:bag_of_seeds":15,"projectvibrantjourneys:fallen_leaves":4,"minecraft:snowball":52,"minecraft:birch_log":11,"projectvibrantjourneys:bark_mushroom":2,"minecraft:gold_ingot":17,"minecraft:gravel":1,"minecraft:white_tulip":1,"ecologics:coconut_log":8,"minecraft:beetroot":3,"vampirism:holy_water_bottle_enhanced":1,"minecraft:chainmail_chestplate":1,"minecraft:poppy":1,"minecraft:leather_chestplate":5,"projectvibrantjourneys:light_brown_bark_mushroom":1,"minecraft:gunpowder":65,"minecraft:beetroot_seeds":10,"minecraft:melon_seeds":3,"ecologics:coconut_husk":2,"minecraft:azalea":6,"comforts:sleeping_bag_white":1,"minecraft:arrow":151,"minecraft:iron_bars":3,"minecraft:oak_leaves":4,"minecraft:netherrack":51,"minecraft:bread":108,"minecraft:mossy_cobblestone":1,"vampirism:hunter_axe_enhanced":1,"ecologics:coconut_seedling":1,"minecraft:spruce_stairs":1,"minecraft:stick":11,"tombstone:magic_scroll":1,"minecraft:torch":5,"artifacts:obsidian_skull":1,"minecraft:jungle_door":1,"tombstone:grave_dust":47,"minecraft:iron_leggings":1,"minecraft:flowering_azalea":2,"artifacts:feral_claws":1,"sophisticatedbackpacks:jukebox_upgrade":1,"minecraft:bucket":2,"alexsmobs:maggot":12,"minecraft:brown_dye":1,"minecraft:coarse_dirt":1,"minecraft:tuff":15,"farmersdelight:cabbage_seeds":2,"pointblank:gunmetal_nugget":244,"securitycraft:universal_block_remover":2,"alexsmobs:lobster_tail":2,"aether:iron_gloves":2,"minecraft:iron_chestplate":1,"minecraft:mossy_stone_bricks":4,"minecraft:golden_leggings":8,"minecraft:golden_sword":1,"vampirism:crucifix_normal":1,"aether:holystone":1,"minecraft:wooden_pickaxe":1,"securitycraft:universal_block_reinforcer_lvl1":1,"minecraft:nether_quartz_ore":1},"minecraft:killed_by":{"minecraft:zombie":11,"hordes:zombie_player":2,"minecraft:creeper":6,"minecraft:player":5,"aether:slider":1,"minecraft:spider":4,"minecraft:enderman":1,"minecraft:skeleton":4},"minecraft:picked_up":{"aether:carved_stone":1,"vampirism:injection_garlic":1,"minecraft:iron_chestplate":1,"artifacts:bunny_hoppers":3,"minecraft:lead":3,"minecraft:smithing_table":1,"minecraft:stone_slab":1,"minecraft:diamond_sword":1,"minecraft:oak_stairs":6,"minecraft:enchanted_book":3,"minecraft:birch_button":1,"minecraft:brewing_stand":3,"minecraft:golden_sword":1,"minecraft:amethyst_block":64,"securitycraft:reinforced_cobblestone_slab":1,"minecraft:string":47,"minecraft:beetroot":3,"minecraft:gold_nugget":50,"minecraft:cobbled_deepslate":188,"minecraft:spruce_planks":14,"ecologics:crab_claw":2,"minecraft:golden_helmet":1,"artifacts:universal_attractor":3,"minecraft:composter":2,"minecraft:big_dripleaf":9,"minecraft:green_bed":1,"psg:sulphur":18,"vampirism:alchemical_cauldron":1,"minecraft:golden_chestplate":1,"alexsmobs:centipede_leg":9,"minecraft:stone_sword":1,"minecraft:red_tulip":1,"minecraft:cyan_terracotta":5,"minecraft:iron_bars":4,"minecraft:snowball":74,"alexsmobs:lobster_tail":2,"minecraft:birch_log":15,"minecraft:feather":8,"minecraft:cooked_beef":5,"minecraft:iron_door":1,"minecraft:water_bucket":1,"ecologics:coconut_planks":3,"minecraft:smoker":4,"travelersbackpack:ocelot":1,"minecraft:flint":3,"securitycraft:reinforced_stone_button":10,"minecraft:rabbit":3,"minecraft:moss_block":158,"vampirism:potion_table":1,"ecologics:coconut_husk":2,"sophisticatedbackpacks:iron_backpack":2,"overworld_netherite_ore:large_ancient_shard":8,"alexsmobs:animal_dictionary":2,"k_turrets:deepslate_titanium_ore":2,"securitycraft:universal_block_remover":1,"minecraft:bundle":21,"minecraft:deepslate":238,"artifacts:crystal_heart":1,"minecraft:deepslate_gold_ore":76,"overworld_netherite_ore:deepslate_ancient_debris_ore":14,"aether:swet_ball":1,"minecraft:bread":100,"alexsmobs:maggot":17,"aether:blue_aercloud":1,"minecraft:diamond_pickaxe":3,"sophisticatedbackpacks:gold_backpack":2,"minecraft:crafting_table":1,"minecraft:coarse_dirt":2,"minecraft:clay_ball":60,"aether:aether_dirt":1,"ecologics:seashell":1,"aether:blue_berry":3,"artifacts:power_glove":1,"tacz:ammo":133,"minecraft:white_carpet":1,"create:deepslate_zinc_ore":1,"minecraft:cracked_stone_bricks":1,"minecraft:deepslate_diamond_ore":90,"minecraft:beef":24,"minecraft:cyan_wool":1,"minecraft:poppy":1,"minecraft:chest":3,"minecraft:egg":1,"minecraft:sandstone":15,"minecraft:stone":70,"securitycraft:reinforced_cobblestone":11,"minecraft:oak_door":1,"artifacts:charm_of_sinking":2,"pointblank:gunmetal_nugget":1132,"minecraft:carrot":20,"minecraft:redstone":294,"minecraft:tnt":1,"minecraft:beetroot_seeds":17,"minecraft:diamond_boots":1,"minecraft:hay_block":112,"tombstone:essence_of_undeath":4,"minecraft:gold_ingot":2,"sophisticatedbackpacks:copper_backpack":4,"minecraft:mutton":4,"minecraft:white_wool":9,"minecraft:rail":14,"vampirism:vampire_blood_bottle":2,"minecraft:red_mushroom":2,"overworld_netherite_ore:ancientdebrispiece":25,"minecraft:oak_log":200,"minecraft:lily_pad":1,"minecraft:golden_boots":2,"projectvibrantjourneys:sea_oats":29,"securitycraft:reinforced_glass":102,"tombstone:gift":1,"minecraft:apple":11,"minecraft:stone_bricks":29,"minecraft:kelp":61,"minecraft:spore_blossom":2,"minecraft:oak_fence_gate":1,"minecraft:stone_pickaxe":2,"minecraft:iron_ore":22,"tombstone:bag_of_seeds":21,"minecraft:iron_sword":2,"minecraft:flowering_azalea":3,"minecraft:smooth_basalt":2,"minecraft:sweet_berries":5,"minecraft:gravel":32,"minecraft:spruce_sapling":44,"minecraft:spruce_log":328,"minecraft:leather_helmet":3,"minecraft:coal_ore":18,"minecraft:slime_ball":8,"minecraft:stone_axe":2,"tacz:modern_kinetic_gun":1,"minecraft:redstone_ore":21,"projectvibrantjourneys:orange_bark_mushroom":1,"minecraft:hopper":4,"minecraft:ender_pearl":7,"minecraft:wheat":14,"securitycraft:keypad_item":1,"minecraft:yellow_wool":11,"artifacts:umbrella":2,"minecraft:deepslate_lapis_ore":31,"minecraft:smooth_stone_slab":19,"minecraft:iron_leggings":1,"minecraft:oak_sign":5,"minecraft:deepslate_tiles":1,"minecraft:bucket":1,"minecraft:white_tulip":3,"minecraft:redstone_torch":1,"minecraft:cobblestone_slab":2,"minecraft:calcite":2,"minecraft:azalea":6,"minecraft:iron_pickaxe":1,"minecraft:deepslate_iron_ore":1,"minecraft:iron_boots":1,"minecraft:furnace":1,"minecraft:stick":52,"minecraft:jungle_door":2,"minecraft:oak_fence":20,"ecologics:coconut_seedling":1,"minecraft:torch":45,"minecraft:spruce_stairs":1,"minecraft:porkchop":13,"vampirism:holy_water_bottle_enhanced":1,"minecraft:pointed_dripstone":1,"tombstone:grave_dust":155,"vampirism:vampire_fang":3,"tombstone:lollipop":1,"minecraft:quartz_block":5,"minecraft:nether_gold_ore":30,"projectvibrantjourneys:seashells":1,"minecraft:rotten_flesh":657,"ecologics:coconut_log":13,"comforts:sleeping_bag_yellow":6,"minecraft:obsidian":7,"minecraft:cobblestone":371,"minecraft:leather_chestplate":2,"vampirism:vampire_book":2,"minecraft:andesite":6,"minecraft:golden_leggings":2,"projectvibrantjourneys:fallen_leaves":4,"minecraft:potato":120,"minecraft:tuff":26,"artifacts:flame_pendant":1,"projectvibrantjourneys:rocks":7,"projectvibrantjourneys:oak_hollow_log":5,"securitycraft:sentry":1,"minecraft:lapis_lazuli":589,"minecraft:dirt":158,"minecraft:leather_boots":4,"minecraft:glass":4,"travelersbackpack:bookshelf":2,"minecraft:bone":272,"minecraft:bow":35,"minecraft:orange_tulip":1,"minecraft:wheat_seeds":68,"aether:holystone":1,"minecraft:raw_gold":253,"minecraft:grindstone":2,"aether:cold_aercloud":10,"minecraft:mossy_stone_bricks":4,"minecraft:fletching_table":3,"travelersbackpack:gold":1,"minecraft:oak_planks":82,"minecraft:stone_hoe":1,"minecraft:sand":586,"vampirism:crucifix_normal":2,"projectvibrantjourneys:beach_grass":5,"farmersdelight:ham":2,"minecraft:mossy_cobblestone":9,"artifacts:plastic_drinking_hat":1,"minecraft:clay":1,"minecraft:diamond":307,"vampirism:oil_bottle":1,"aether:ambrosium_shard":6,"minecraft:crossbow":8,"minecraft:bone_meal":1,"minecraft:golden_apple":15,"minecraft:emerald":7,"minecraft:oak_sapling":46,"minecraft:netherrack":93,"minecraft:oak_leaves":4,"minecraft:azure_bluet":1,"artifacts:night_vision_goggles":3,"minecraft:chicken":9,"minecraft:brown_mushroom":9,"minecraft:wooden_pickaxe":1,"minecraft:pink_wool":1,"minecraft:shield":3,"minecraft:oak_trapdoor":2,"minecraft:moss_carpet":12,"minecraft:wooden_sword":3,"artifacts:feral_claws":2,"minecraft:item_frame":1,"minecraft:blackstone":2,"minecraft:oak_boat":1,"projectvibrantjourneys:sandy_sprouts":7,"minecraft:lectern":2,"ecologics:coconut_slab":2,"minecraft:raw_iron":189,"projectvibrantjourneys:bark_mushroom":4,"ecologics:coconut_slice":14,"minecraft:copper_ingot":4,"artifacts:vampiric_glove":1,"minecraft:trident":1,"minecraft:arrow":192,"artifacts:cowboy_hat":5,"k_turrets:raw_titanium":3,"securitycraft:reinforced_oak_fence":6,"minecraft:air":0,"minecraft:glow_ink_sac":4,"minecraft:leather":33,"artifacts:onion_ring":1,"minecraft:chainmail_chestplate":1,"minecraft:gunpowder":64,"minecraft:yellow_bed":3,"minecraft:cobblestone_wall":11,"minecraft:cobblestone_stairs":1,"tombstone:decorative_grave_cross":1,"vampirism:human_heart":3,"projectvibrantjourneys:sandstone_rocks":1,"minecraft:rabbit_hide":2,"minecraft:iron_ingot":3,"securitycraft:universal_block_reinforcer_lvl1":1,"psg:deepslate_sulphur_ore":8,"minecraft:soul_sand":14,"minecraft:book":27,"projectvibrantjourneys:light_brown_bark_mushroom":3,"artifacts:obsidian_skull":3,"minecraft:nether_quartz_ore":1,"minecraft:dandelion":1,"projectvibrantjourneys:bones":3,"minecraft:blast_furnace":5,"minecraft:white_bed":19,"vampirism:altar_infusion":1,"minecraft:gold_ore":28,"artifacts:scarf_of_invisibility":4,"minecraft:spider_eye":34,"minecraft:chainmail_leggings":1,"minecraft:iron_helmet":1,"tombstone:magic_scroll":22,"aether:golden_dart":7,"minecraft:coal":63},"minecraft:used":{"minecraft:moss_block":6,"vampirism:altar_infusion":1,"minecraft:chest":21,"comforts:sleeping_bag_yellow":6,"ecologics:coconut_planks":12,"minecraft:rotten_flesh":7,"minecraft:soul_sand":1,"minecraft:skeleton_spawn_egg":1,"securitycraft:keypad_item":2,"minecraft:snowball":22,"minecraft:lava_bucket":9,"minecraft:villager_spawn_egg":3,"minecraft:grass_block":203,"minecraft:quartz_block":1,"minecraft:bow":462,"minecraft:sweet_berries":2,"minecraft:oak_sapling":3,"minecraft:cooked_cod":14,"minecraft:potato":109,"projectvibrantjourneys:rocks":1,"securitycraft:door_indestructible_iron_item":1,"minecraft:wooden_pickaxe":6,"securitycraft:keypad_frame":1,"minecraft:composter":2,"minecraft:clay":1,"minecraft:golden_apple":33,"minecraft:sand":781,"minecraft:blast_furnace":3,"securitycraft:universal_block_remover":115,"minecraft:deepslate_tiles":1,"minecraft:deepslate_iron_ore":1,"minecraft:diamond_sword":1710,"minecraft:wooden_sword":59,"minecraft:smithing_table":1,"minecraft:birch_log":4,"minecraft:oak_boat":3,"minecraft:oak_trapdoor":13,"minecraft:iron_bars":1,"minecraft:stone_sword":129,"ecologics:crab_claw":4,"minecraft:netherrack":42,"minecraft:torch":229,"minecraft:brewing_stand":2,"minecraft:anvil":2,"minecraft:wheat":1,"ecologics:coconut_slab":6,"travelersbackpack:gold":1,"minecraft:iron_axe":8,"minecraft:spawner":2,"minecraft:smooth_basalt":2,"minecraft:diamond_chestplate":2,"minecraft:glowstone":2,"tombstone:gift":12,"aether:cold_parachute":2,"minecraft:cobbled_deepslate":50,"minecraft:pointed_dripstone":1,"minecraft:calcite":2,"minecraft:wheat_seeds":16,"minecraft:water_bucket":45,"farmersdelight:iron_knife":20,"minecraft:dirt_path":56,"minecraft:sandstone_stairs":16,"minecraft:fletching_table":8,"minecraft:leather_boots":1,"minecraft:gold_ore":28,"minecraft:mossy_cobblestone":7,"minecraft:tnt":1,"minecraft:crafting_table":13,"minecraft:white_bed":20,"minecraft:spruce_log":3,"k_turrets:deepslate_titanium_ore":2,"aether:blue_berry":1,"minecraft:oak_log":9,"minecraft:diamond_pickaxe":2541,"minecraft:diamond_shovel":454,"travelersbackpack:bookshelf":6,"minecraft:oak_button":4,"minecraft:iron_pickaxe":285,"minecraft:spruce_sapling":42,"minecraft:cobblestone":460,"minecraft:stripped_oak_log":8,"minecraft:kelp":25,"securitycraft:reinforced_oak_fence":6,"minecraft:diamond_leggings":3,"minecraft:iron_shovel":81,"minecraft:oak_sign":5,"minecraft:shield":2,"minecraft:iron_sword":459,"tombstone:lollipop":1,"vampirism:hunter_axe_enhanced":9,"minecraft:iron_chestplate":1,"minecraft:tuff":2,"minecraft:milk_bucket":2,"minecraft:big_dripleaf":1,"minecraft:glass":113,"minecraft:coal_ore":18,"minecraft:iron_helmet":1,"minecraft:stone_bricks":14,"minecraft:item_frame":1,"minecraft:deepslate_diamond_ore":90,"minecraft:birch_button":2,"minecraft:hay_block":5,"minecraft:diamond_boots":2,"minecraft:stone_pickaxe":68,"minecraft:oak_planks":145,"tombstone:decorative_grave_cross":4,"minecraft:diamond_axe":568,"minecraft:sandstone":30,"minecraft:deepslate_lapis_ore":31,"psg:deepslate_sulphur_ore":7,"minecraft:bread":112,"tombstone:grave_key":11,"minecraft:iron_door":4,"minecraft:deepslate":66,"minecraft:gravel":21,"ecologics:coconut_slice":2,"minecraft:grindstone":2,"minecraft:andesite":2,"minecraft:smooth_stone_slab":5,"minecraft:bone_meal":123,"minecraft:experience_bottle":2,"projectvibrantjourneys:sandy_sprouts":1,"minecraft:oak_fence":178,"minecraft:redstone_ore":21,"minecraft:zombie_villager_spawn_egg":2,"minecraft:spruce_planks":45,"minecraft:deepslate_gold_ore":76,"minecraft:stone_hoe":63,"minecraft:cooked_chicken":1,"minecraft:dirt":108,"projectvibrantjourneys:sandstone_rocks":1,"minecraft:hopper":11,"minecraft:cobblestone_wall":5,"minecraft:diamond_helmet":3,"projectvibrantjourneys:bones":1,"minecraft:iron_hoe":67,"minecraft:bookshelf":18,"minecraft:oak_stairs":49,"minecraft:iron_boots":1,"better_mob_food:cooked_flesh":45,"securitycraft:sentry":6,"minecraft:cooked_beef":11,"overworld_netherite_ore:deepslate_ancient_debris_ore":14,"minecraft:iron_leggings":1,"minecraft:iron_ore":22,"securitycraft:reinforced_cobblestone":6,"minecraft:glass_bottle":7,"minecraft:cobblestone_slab":159,"minecraft:book":2,"minecraft:smoker":2,"tombstone:bag_of_seeds":5,"minecraft:stone_axe":104,"minecraft:jungle_door":1,"minecraft:bucket":54,"minecraft:yellow_bed":4,"minecraft:splash_potion":2},"minecraft:crafted":{"minecraft:blaze_powder":2,"travelersbackpack:yellow_sleeping_bag":2,"securitycraft:keypad_item":1,"minecraft:bookshelf":3,"minecraft:glass":88,"minecraft:diamond_helmet":2,"minecraft:diamond_leggings":2,"aether:diamond_gloves":2,"minecraft:iron_door":3,"minecraft:glass_bottle":9,"minecraft:emerald":72,"farmersdelight:iron_knife":1,"travelersbackpack:standard":2,"minecraft:smithing_table":1,"minecraft:copper_ingot":43,"minecraft:fletching_table":1,"comforts:sleeping_bag_yellow":1,"minecraft:iron_pickaxe":1,"minecraft:gold_ingot":380,"minecraft:sandstone":10,"minecraft:composter":2,"ecologics:coconut_planks":20,"comforts:sleeping_bag_white":1,"minecraft:bone_meal":273,"travelersbackpack:blank_upgrade":4,"travelersbackpack:gold_tier_upgrade":1,"minecraft:diamond":9,"minecraft:stone_pickaxe":1,"minecraft:diamond_boots":1,"minecraft:redstone_block":33,"aether:cold_parachute":2,"minecraft:wheat":513,"minecraft:coal_block":7,"minecraft:crossbow":16,"better_mob_food:cooked_flesh":169,"securitycraft:door_indestructible_iron_item":1,"minecraft:golden_apple":26,"minecraft:fermented_spider_eye":3,"minecraft:iron_shovel":2,"minecraft:iron_leggings":2,"minecraft:oak_planks":774,"minecraft:cobblestone_slab":6,"minecraft:stone":12,"minecraft:heavy_weighted_pressure_plate":26,"minecraft:hopper":7,"minecraft:bow":24,"minecraft:iron_boots":2,"minecraft:chest":18,"minecraft:oak_button":4,"minecraft:stone_hoe":1,"minecraft:oak_fence":99,"minecraft:oak_slab":18,"travelersbackpack:iron_tier_upgrade":1,"minecraft:arrow":64,"minecraft:crafting_table":13,"minecraft:spruce_planks":828,"minecraft:iron_helmet":1,"minecraft:wooden_pickaxe":2,"minecraft:brown_dye":1,"minecraft:gold_block":25,"minecraft:apple":64,"minecraft:iron_chestplate":1,"minecraft:diamond_pickaxe":4,"minecraft:stick":2148,"minecraft:iron_ingot":82,"minecraft:stone_sword":1,"minecraft:wooden_sword":1,"minecraft:stone_button":10,"securitycraft:keypad_frame":1,"minecraft:diamond_block":22,"minecraft:oak_trapdoor":12,"minecraft:iron_hoe":1,"ecologics:coconut_slab":6,"minecraft:sugar":3,"minecraft:cooked_cod":14,"minecraft:diamond_sword":4,"travelersbackpack:backpack_tank":6,"minecraft:iron_sword":3,"minecraft:bucket":2,"minecraft:stone_axe":1,"minecraft:air":0,"minecraft:bread":190,"tombstone:decorative_grave_cross":1,"minecraft:oak_boat":2,"minecraft:raw_gold":63,"tombstone:dark_marble":4,"minecraft:torch":28,"minecraft:lapis_lazuli":9,"minecraft:lapis_block":59,"minecraft:diamond_chestplate":2},"minecraft:mined":{"minecraft:white_bed":19,"minecraft:obsidian":7,"minecraft:hopper":4,"minecraft:oak_wall_sign":2,"minecraft:spawner":10,"minecraft:tall_seagrass":1,"minecraft:cobbled_deepslate":1,"minecraft:fletching_table":3,"minecraft:deepslate_lapis_ore":68,"minecraft:cave_vines":1,"minecraft:dirt_path":22,"minecraft:oak_stairs":6,"minecraft:blue_orchid":1,"minecraft:brown_mushroom":1,"minecraft:kelp_plant":5,"minecraft:smoker":4,"minecraft:blue_stained_glass":2,"minecraft:torch":8,"projectvibrantjourneys:twigs":1,"minecraft:blast_furnace":5,"minecraft:white_stained_glass_pane":4,"minecraft:glass":6,"projectvibrantjourneys:fallen_leaves":3,"minecraft:amethyst_block":64,"minecraft:white_terracotta":1,"ecologics:seashell":1,"minecraft:wheat":14,"overworld_netherite_ore:deepslate_ancient_debris_ore":36,"minecraft:grass":70,"projectvibrantjourneys:short_grass":32,"minecraft:smooth_basalt":2,"minecraft:deepslate":377,"minecraft:deepslate_tiles":1,"minecraft:blue_stained_glass_pane":3,"minecraft:mossy_cobblestone":9,"projectvibrantjourneys:rocks":14,"travelersbackpack:bookshelf":2,"minecraft:moss_block":1,"minecraft:kelp":1,"minecraft:redstone_ore":49,"vampirism:potion_table":1,"minecraft:andesite":8,"minecraft:potatoes":28,"vampirism:altar_infusion":1,"minecraft:cobblestone_slab":2,"minecraft:vine":3,"projectvibrantjourneys:seashells":2,"minecraft:white_wool":9,"projectvibrantjourneys:icicle":1,"minecraft:smithing_table":1,"minecraft:light_gray_carpet":1,"minecraft:glass_pane":4,"psg:deepslate_sulphur_ore":9,"minecraft:emerald_ore":16,"vampirism:alchemical_cauldron":1,"projectvibrantjourneys:mossy_rocks":2,"minecraft:tall_grass":37,"minecraft:deepslate_gold_ore":177,"minecraft:big_dripleaf":2,"minecraft:coarse_dirt":3,"minecraft:cobblestone_wall":4,"minecraft:spruce_log":328,"minecraft:white_carpet":1,"aether:berry_bush":1,"projectvibrantjourneys:sandy_sprouts":5,"minecraft:gravel":30,"minecraft:cobweb":31,"minecraft:stone_bricks":28,"minecraft:gold_ore":73,"projectvibrantjourneys:oak_hollow_log":5,"minecraft:fern":2,"create:deepslate_zinc_ore":1,"minecraft:spruce_planks":14,"aether:cold_aercloud":10,"minecraft:farmland":1,"minecraft:cobblestone_stairs":1,"minecraft:brewing_stand":3,"minecraft:cave_vines_plant":1,"minecraft:budding_amethyst":1,"minecraft:grass_block":101,"ecologics:coconut_leaves":1,"minecraft:composter":2,"minecraft:iron_ore":118,"minecraft:pointed_dripstone":1,"minecraft:iron_bars":3,"minecraft:green_bed":1,"projectvibrantjourneys:cattail":3,"minecraft:deepslate_redstone_ore":36,"minecraft:quartz_block":6,"projectvibrantjourneys:sea_oats":30,"minecraft:cyan_terracotta":5,"minecraft:blackstone":2,"minecraft:clay":2,"minecraft:calcite":2,"minecraft:chest":2,"minecraft:nether_quartz_ore":1,"minecraft:cobblestone":161,"minecraft:grindstone":2,"minecraft:oak_planks":15,"minecraft:iron_door":1,"minecraft:wall_torch":5,"minecraft:seagrass":3,"minecraft:yellow_wool":11,"minecraft:birch_log":15,"projectvibrantjourneys:bones":2,"aether:aether_grass_block":1,"minecraft:orange_tulip":1,"minecraft:tnt":2,"minecraft:smooth_stone_slab":15,"minecraft:oak_log":192,"minecraft:beetroots":2,"minecraft:sand":466,"minecraft:dirt":24,"aether:ambrosium_ore":3,"minecraft:netherrack":99,"minecraft:oak_leaves":20,"minecraft:nether_gold_ore":30,"minecraft:diamond_ore":9,"minecraft:tuff":27,"ecologics:coconut_planks":3,"minecraft:deepslate_diamond_ore":297,"minecraft:oak_door":1,"ecologics:coconut_log":13,"minecraft:spruce_leaves":20,"minecraft:sandstone":17,"minecraft:large_fern":4,"minecraft:hay_block":64,"minecraft:oak_trapdoor":2,"minecraft:spruce_sapling":8,"minecraft:furnace":1,"minecraft:carrots":6,"minecraft:bookshelf":9,"minecraft:deepslate_iron_ore":64,"minecraft:stone":854,"minecraft:white_tulip":2,"minecraft:podzol":1,"minecraft:flowering_azalea":2,"ecologics:coconut_slab":2,"minecraft:infested_stone_bricks":2,"minecraft:oak_fence":18,"minecraft:crafting_table":1,"minecraft:lectern":2,"minecraft:stone_slab":1,"minecraft:lapis_ore":3,"minecraft:lily_pad":1,"minecraft:spruce_stairs":1,"farmersdelight:wild_beetroots":2,"k_turrets:deepslate_titanium_ore":7,"minecraft:sweet_berry_bush":4,"minecraft:ice":1,"minecraft:yellow_bed":3,"minecraft:coal_ore":67,"minecraft:cracked_stone_bricks":1,"minecraft:mossy_stone_bricks":2}},"DataVersion":3465}