{"stats":{"minecraft:custom":{"minecraft:mob_kills":21,"minecraft:interact_with_crafting_table":12,"minecraft:open_barrel":7,"minecraft:damage_dealt_resisted":799,"minecraft:leave_game":5,"minecraft:time_since_death":12463,"minecraft:climb_one_cm":7675,"minecraft:sprint_one_cm":129853,"minecraft:walk_one_cm":412510,"minecraft:damage_blocked_by_shield":55,"vampirism:interact_with_totem":1,"minecraft:drop":21,"minecraft:talked_to_villager":2,"minecraft:play_time":116477,"minecraft:deaths":10,"minecraft:sneak_time":3703,"minecraft:walk_under_water_one_cm":9939,"minecraft:interact_with_lectern":2,"minecraft:jump":1234,"minecraft:interact_with_brewingstand":1,"minecraft:interact_with_blast_furnace":1,"minecraft:walk_on_water_one_cm":6628,"minecraft:total_world_time":116477,"vampirism:interact_with_research_table":2,"vampirism:interact_with_garlic_diffuser":2,"minecraft:sleep_in_bed":8,"minecraft:time_since_rest":10511,"minecraft:damage_taken":3860,"minecraft:damage_absorbed":40,"minecraft:damage_dealt":4262,"minecraft:swim_one_cm":27467,"minecraft:fly_one_cm":254984,"minecraft:open_chest":42,"minecraft:crouch_one_cm":7439,"tombstone:undead_killed":15,"minecraft:fall_one_cm":33903},"minecraft:killed":{"hordes:zombie_player":5,"minecraft:spider":3,"minecraft:skeleton":6,"minecraft:chicken":1,"ecologics:coconut_crab":1,"minecraft:drowned":1,"minecraft:iron_golem":1,"minecraft:zombie":3},"minecraft:dropped":{"minecraft:wheat_seeds":1,"vampirism:hunter_axe_enhanced":1,"minecraft:feather":1,"minecraft:stick":5,"minecraft:wooden_sword":2,"minecraft:bone":1,"minecraft:brown_dye":1,"minecraft:chicken":1,"minecraft:beetroot":1,"minecraft:rotten_flesh":4,"projectvibrantjourneys:sea_oats":16,"pointblank:gunmetal_nugget":13,"minecraft:bundle":1,"minecraft:beetroot_seeds":2,"ecologics:coconut_husk":2,"comforts:sleeping_bag_white":1,"minecraft:wooden_pickaxe":1,"minecraft:oak_leaves":4},"minecraft:killed_by":{"minecraft:spider":2,"hordes:zombie_player":2,"minecraft:zombie":1},"minecraft:picked_up":{"minecraft:coarse_dirt":1,"minecraft:chicken":1,"minecraft:yellow_wool":6,"minecraft:wooden_pickaxe":1,"minecraft:enchanted_book":1,"minecraft:brewing_stand":1,"minecraft:shield":3,"minecraft:string":8,"minecraft:wooden_sword":3,"minecraft:beetroot":1,"minecraft:spruce_planks":1,"projectvibrantjourneys:sandy_sprouts":1,"minecraft:lectern":2,"ecologics:crab_claw":1,"minecraft:raw_iron":5,"minecraft:stick":8,"ecologics:coconut_slice":10,"minecraft:torch":1,"minecraft:spruce_stairs":1,"pointblank:gunmetal_nugget":29,"vampirism:alchemical_cauldron":1,"tombstone:grave_dust":4,"tombstone:lollipop":1,"artifacts:cowboy_hat":2,"minecraft:quartz_block":2,"minecraft:arrow":8,"minecraft:stone_sword":1,"minecraft:rotten_flesh":6,"minecraft:beetroot_seeds":2,"minecraft:hay_block":111,"tombstone:essence_of_undeath":2,"comforts:sleeping_bag_yellow":1,"minecraft:cobblestone":35,"minecraft:white_wool":6,"minecraft:feather":1,"minecraft:oak_log":19,"minecraft:cobblestone_wall":1,"projectvibrantjourneys:sea_oats":16,"minecraft:dirt":2,"minecraft:leather_boots":3,"minecraft:bone":4,"minecraft:apple":9,"minecraft:stone_bricks":4,"minecraft:wheat_seeds":2,"projectvibrantjourneys:sandstone_rocks":1,"minecraft:stone_pickaxe":2,"tombstone:bag_of_seeds":1,"minecraft:oak_planks":16,"minecraft:stone_hoe":1,"vampirism:potion_table":1,"minecraft:book":9,"projectvibrantjourneys:light_brown_bark_mushroom":1,"minecraft:sweet_berries":2,"vampirism:crucifix_normal":2,"projectvibrantjourneys:bones":1,"minecraft:sand":70,"ecologics:coconut_husk":2,"minecraft:spruce_log":4,"minecraft:spider_eye":1,"alexsmobs:animal_dictionary":1,"minecraft:bundle":1,"vampirism:oil_bottle":1,"minecraft:stone_axe":1,"minecraft:bread":40,"tombstone:magic_scroll":1,"minecraft:oak_sapling":2,"minecraft:coal":6,"minecraft:oak_leaves":4},"minecraft:used":{"projectvibrantjourneys:sandy_sprouts":1,"minecraft:stone_sword":87,"ecologics:crab_claw":4,"minecraft:shield":2,"minecraft:chest":1,"minecraft:spruce_planks":4,"comforts:sleeping_bag_yellow":1,"vampirism:hunter_axe_enhanced":8,"minecraft:stone_hoe":63,"minecraft:rotten_flesh":1,"minecraft:iron_chestplate":1,"minecraft:torch":5,"minecraft:dirt":2,"projectvibrantjourneys:sandstone_rocks":1,"projectvibrantjourneys:bones":1,"minecraft:iron_helmet":1,"minecraft:iron_boots":1,"minecraft:hay_block":4,"minecraft:sweet_berries":2,"tombstone:gift":6,"minecraft:stone_pickaxe":40,"minecraft:wooden_pickaxe":6,"minecraft:leather_boots":1,"minecraft:golden_apple":1,"minecraft:sand":39,"minecraft:crafting_table":6,"minecraft:spruce_log":3,"minecraft:book":2,"minecraft:oak_log":1,"tombstone:bag_of_seeds":1,"minecraft:bread":25,"minecraft:oak_button":4,"tombstone:grave_key":5,"minecraft:stone_axe":27,"ecologics:coconut_slice":2,"minecraft:wooden_sword":59},"minecraft:crafted":{"minecraft:wooden_sword":1,"minecraft:oak_planks":48,"comforts:sleeping_bag_white":1,"minecraft:iron_boots":1,"minecraft:stone_pickaxe":1,"minecraft:chest":1,"minecraft:oak_button":4,"minecraft:stone_hoe":1,"minecraft:wheat":63,"minecraft:crafting_table":6,"minecraft:spruce_planks":44,"minecraft:wooden_pickaxe":2,"minecraft:brown_dye":1,"minecraft:stone_axe":1,"minecraft:bread":21,"comforts:sleeping_bag_yellow":1,"minecraft:stick":16,"minecraft:stone_sword":1,"minecraft:torch":8},"minecraft:mined":{"minecraft:spruce_planks":1,"minecraft:blue_stained_glass_pane":2,"minecraft:brewing_stand":1,"minecraft:spawner":4,"minecraft:large_fern":1,"minecraft:hay_block":62,"vampirism:potion_table":1,"minecraft:iron_ore":5,"minecraft:bookshelf":3,"minecraft:dirt_path":2,"minecraft:stone":16,"minecraft:white_wool":6,"minecraft:podzol":1,"minecraft:quartz_block":2,"projectvibrantjourneys:sea_oats":18,"vampirism:alchemical_cauldron":1,"minecraft:lectern":2,"minecraft:tall_grass":8,"minecraft:wall_torch":1,"minecraft:spruce_stairs":1,"farmersdelight:wild_beetroots":2,"minecraft:white_terracotta":1,"minecraft:coarse_dirt":1,"minecraft:cobblestone_wall":1,"minecraft:yellow_wool":6,"minecraft:sweet_berry_bush":1,"minecraft:spruce_log":5,"minecraft:grass":15,"minecraft:coal_ore":6,"projectvibrantjourneys:sandy_sprouts":1,"minecraft:oak_log":22,"projectvibrantjourneys:short_grass":8,"minecraft:sand":48,"minecraft:cobweb":2,"minecraft:stone_bricks":4,"minecraft:oak_leaves":7}},"DataVersion":3465}