{"stats":{"minecraft:killed_by":{"minecraft:player":3,"minecraft:creeper":1,"minecraft:spider":1,"minecraft:pillager":4,"alexsmobs:tusklin":1,"mutantmonsters:mutant_skeleton":1,"minecraft:skeleton":4,"minecraft:zombie":1},"minecraft:picked_up":{"minecraft:crafting_table":5,"minecraft:anvil":4,"minecraft:brewing_stand":1,"vampirism:armor_of_swiftness_head_ultimate":1,"minecraft:string":2,"minecraft:smooth_stone_slab":8,"minecraft:deepslate_tiles":2,"comforts:sleeping_bag_white":6,"minecraft:beef":30,"minecraft:poppy":2,"minecraft:furnace":2,"pointblank:gunmetal_nugget":28,"tombstone:lollipop":1,"minecraft:quartz_block":18,"minecraft:arrow":5,"minecraft:cyan_terracotta":4,"minecraft:iron_bars":4,"minecraft:white_wool":2,"minecraft:cobblestone":12,"minecraft:enchanting_table":2,"minecraft:cooked_beef":3,"minecraft:iron_door":1,"minecraft:leather":11,"minecraft:oak_log":11,"minecraft:cobblestone_wall":2,"projectvibrantjourneys:rocks":1,"projectvibrantjourneys:sea_oats":1,"minecraft:paper":1,"minecraft:dirt":8,"minecraft:bone":5,"minecraft:stone_bricks":15,"minecraft:gray_terracotta":13,"minecraft:wheat_seeds":1,"minecraft:iron_ingot":5,"minecraft:stone_pickaxe":1,"vampirism:hunter_axe_enhanced":1,"minecraft:mossy_stone_bricks":2,"minecraft:oak_planks":3,"minecraft:book":101,"minecraft:spruce_log":2,"vampirism:altar_infusion":1,"minecraft:spider_eye":2,"minecraft:bundle":1,"minecraft:light_gray_terracotta":1,"minecraft:bread":38,"minecraft:oak_sapling":1,"minecraft:coal":8},"minecraft:killed":{"minecraft:spider":7,"minecraft:skeleton":6,"minecraft:sheep":2,"minecraft:pillager":1,"minecraft:zombie":7,"minecraft:cow":10},"minecraft:custom":{"minecraft:mob_kills":33,"minecraft:interact_with_crafting_table":9,"minecraft:open_barrel":7,"minecraft:damage_dealt_resisted":561,"minecraft:leave_game":6,"minecraft:time_since_death":4020,"minecraft:climb_one_cm":28380,"minecraft:sprint_one_cm":410316,"minecraft:walk_one_cm":205808,"vampirism:interact_with_totem":5,"minecraft:drop":28,"tombstone:eaten_lollipop":1,"minecraft:damage_dealt_absorbed":90,"minecraft:talked_to_villager":3,"minecraft:play_time":103912,"minecraft:deaths":16,"minecraft:sneak_time":1226,"minecraft:walk_under_water_one_cm":3262,"minecraft:jump":2771,"minecraft:walk_on_water_one_cm":7350,"minecraft:total_world_time":103912,"vampirism:interact_with_injection_chair":1,"minecraft:interact_with_furnace":3,"tombstone:raider_killed":1,"vampirism:interact_with_research_table":2,"vampirism:interact_with_garlic_diffuser":1,"minecraft:sleep_in_bed":6,"minecraft:time_since_rest":3416,"minecraft:damage_taken":6933,"minecraft:damage_dealt":6278,"minecraft:swim_one_cm":12941,"minecraft:fly_one_cm":746021,"minecraft:open_chest":29,"minecraft:crouch_one_cm":3670,"tombstone:undead_killed":13,"minecraft:fall_one_cm":73933},"minecraft:dropped":{"vampirism:item_garlic":5,"minecraft:bread":2,"minecraft:wheat_seeds":1,"minecraft:feather":2,"minecraft:cobblestone":3,"minecraft:stick":2,"vampirism:enhanced_crossbow":1,"minecraft:paper":1,"minecraft:white_wool":2,"minecraft:bone":5,"vampirism:armor_of_swiftness_head_ultimate":2,"minecraft:cobblestone_wall":1,"vampirism:oblivion_potion":1,"pointblank:gunmetal_nugget":13,"vampirism:hunter_axe_normal":1,"minecraft:oak_button":1,"minecraft:mossy_stone_bricks":2,"minecraft:spider_eye":2,"minecraft:stone_bricks":2,"minecraft:beef":7,"minecraft:stone_pickaxe":2},"minecraft:broken":{"minecraft:wooden_sword":1,"minecraft:leather_boots":1},"minecraft:used":{"minecraft:iron_bars":4,"minecraft:iron_sword":109,"tombstone:lollipop":1,"minecraft:iron_chestplate":1,"minecraft:dirt":8,"minecraft:cobblestone_wall":1,"minecraft:cyan_terracotta":1,"minecraft:iron_axe":46,"minecraft:quartz_block":18,"minecraft:iron_helmet":1,"minecraft:stone_bricks":13,"minecraft:beef":10,"minecraft:furnace":2,"minecraft:oak_sapling":1,"tombstone:gift":3,"comforts:sleeping_bag_white":5,"projectvibrantjourneys:rocks":1,"minecraft:stone_pickaxe":95,"minecraft:oak_planks":25,"minecraft:leather_boots":1,"projectvibrantjourneys:sea_oats":1,"minecraft:crafting_table":6,"minecraft:light_gray_terracotta":1,"minecraft:deepslate_tiles":2,"minecraft:gray_terracotta":13,"minecraft:apple":6,"minecraft:bread":60,"minecraft:iron_pickaxe":40,"tombstone:grave_key":12,"minecraft:iron_door":1,"minecraft:wooden_sword":65,"minecraft:cobblestone":4,"minecraft:smooth_stone_slab":8},"minecraft:mined":{"minecraft:light_blue_stained_glass_pane":2,"minecraft:deepslate_tiles":3,"minecraft:brewing_stand":1,"minecraft:gray_stained_glass_pane":5,"minecraft:grass_block":4,"minecraft:spruce_leaves":1,"minecraft:spawner":8,"minecraft:large_fern":2,"minecraft:furnace":2,"minecraft:anvil":4,"minecraft:enchanting_table":2,"minecraft:bookshelf":34,"vampirism:altar_infusion":1,"minecraft:iron_bars":4,"minecraft:stone":12,"minecraft:gray_terracotta":13,"minecraft:glass_pane":2,"minecraft:quartz_block":20,"projectvibrantjourneys:sea_oats":1,"minecraft:cyan_terracotta":12,"minecraft:crafting_table":5,"minecraft:light_gray_terracotta":1,"minecraft:gray_stained_glass":2,"minecraft:warped_roots":1,"minecraft:cobblestone":1,"minecraft:tall_grass":2,"minecraft:glass":4,"projectvibrantjourneys:fallen_leaves":1,"minecraft:oak_planks":3,"minecraft:iron_door":1,"minecraft:cobblestone_wall":3,"vampirism:totem_top":1,"minecraft:spruce_log":6,"minecraft:smooth_stone_slab":6,"minecraft:grass":8,"minecraft:cracked_deepslate_tiles":1,"minecraft:oak_log":9,"projectvibrantjourneys:short_grass":3,"minecraft:dirt":5,"minecraft:cobweb":4,"minecraft:cracked_stone_bricks":1,"minecraft:stone_bricks":18,"minecraft:mossy_stone_bricks":2,"minecraft:oak_leaves":2},"minecraft:crafted":{"minecraft:wooden_sword":1,"minecraft:oak_planks":44,"minecraft:furnace":1,"minecraft:iron_axe":1,"minecraft:stone_pickaxe":1,"minecraft:oak_button":1,"minecraft:cooked_beef":8,"minecraft:crafting_table":2,"minecraft:iron_sword":1,"minecraft:air":0,"minecraft:stick":12,"minecraft:iron_pickaxe":1}},"DataVersion":3465}