{"stats":{"minecraft:killed_by":{"minecraft:player":3,"minecraft:skeleton":4,"minecraft:creeper":1,"minecraft:spider":1,"minecraft:zombie":1,"minecraft:pillager":2},"minecraft:picked_up":{"minecraft:enchanting_table":2,"minecraft:crafting_table":2,"minecraft:anvil":4,"minecraft:iron_door":1,"minecraft:leather":1,"minecraft:oak_log":11,"minecraft:brewing_stand":1,"minecraft:cobblestone_wall":1,"projectvibrantjourneys:rocks":1,"projectvibrantjourneys:sea_oats":1,"vampirism:armor_of_swiftness_head_ultimate":1,"minecraft:paper":1,"minecraft:bone":5,"minecraft:stone_bricks":12,"minecraft:gray_terracotta":11,"minecraft:deepslate_tiles":2,"comforts:sleeping_bag_white":5,"minecraft:iron_ingot":5,"minecraft:beef":9,"minecraft:mossy_stone_bricks":2,"vampirism:hunter_axe_enhanced":1,"minecraft:poppy":2,"minecraft:oak_planks":3,"minecraft:book":80,"pointblank:gunmetal_nugget":13,"minecraft:spruce_log":1,"vampirism:altar_infusion":1,"minecraft:spider_eye":2,"tombstone:lollipop":1,"minecraft:arrow":4,"minecraft:bundle":1,"minecraft:quartz_block":18,"minecraft:light_gray_terracotta":1,"minecraft:bread":38,"minecraft:oak_sapling":1,"minecraft:iron_bars":4,"minecraft:white_wool":2,"minecraft:cobblestone":1},"minecraft:killed":{"minecraft:spider":4,"minecraft:sheep":2,"minecraft:skeleton":5,"minecraft:zombie":7,"minecraft:cow":1},"minecraft:custom":{"minecraft:mob_kills":19,"minecraft:interact_with_crafting_table":6,"vampirism:interact_with_research_table":2,"minecraft:open_barrel":6,"vampirism:interact_with_garlic_diffuser":1,"minecraft:damage_dealt_resisted":561,"minecraft:leave_game":5,"minecraft:time_since_death":149,"minecraft:sleep_in_bed":5,"minecraft:climb_one_cm":22889,"minecraft:time_since_rest":1,"minecraft:sprint_one_cm":284234,"minecraft:damage_taken":4961,"minecraft:walk_one_cm":141637,"minecraft:drop":17,"vampirism:interact_with_totem":2,"tombstone:eaten_lollipop":1,"minecraft:damage_dealt":4331,"minecraft:play_time":72878,"minecraft:damage_dealt_absorbed":90,"minecraft:swim_one_cm":12641,"minecraft:talked_to_villager":1,"minecraft:fly_one_cm":500194,"minecraft:crouch_one_cm":3039,"tombstone:undead_killed":12,"minecraft:open_chest":16,"minecraft:deaths":12,"minecraft:sneak_time":1097,"minecraft:walk_under_water_one_cm":3096,"minecraft:jump":1902,"minecraft:walk_on_water_one_cm":5939,"minecraft:total_world_time":72878,"minecraft:fall_one_cm":56337},"minecraft:dropped":{"minecraft:bread":2,"vampirism:armor_of_swiftness_head_ultimate":2,"minecraft:feather":2,"vampirism:oblivion_potion":1,"pointblank:gunmetal_nugget":13,"minecraft:oak_button":1,"minecraft:stone_bricks":2,"minecraft:mossy_stone_bricks":2,"minecraft:spider_eye":2,"minecraft:beef":7,"minecraft:paper":1,"minecraft:white_wool":2,"minecraft:bone":5},"minecraft:broken":{"minecraft:wooden_sword":1,"minecraft:leather_boots":1},"minecraft:used":{"projectvibrantjourneys:rocks":1,"minecraft:iron_bars":4,"minecraft:stone_pickaxe":92,"minecraft:oak_planks":25,"minecraft:iron_sword":55,"tombstone:lollipop":1,"minecraft:leather_boots":1,"minecraft:iron_chestplate":1,"projectvibrantjourneys:sea_oats":1,"minecraft:crafting_table":3,"minecraft:cobblestone_wall":1,"minecraft:light_gray_terracotta":1,"minecraft:deepslate_tiles":2,"minecraft:gray_terracotta":11,"minecraft:iron_axe":30,"minecraft:bread":49,"minecraft:quartz_block":18,"minecraft:iron_helmet":1,"minecraft:iron_door":1,"tombstone:grave_key":8,"minecraft:stone_bricks":10,"minecraft:wooden_sword":65,"minecraft:cobblestone":4,"minecraft:beef":2,"minecraft:oak_sapling":1,"tombstone:gift":3,"comforts:sleeping_bag_white":4},"minecraft:mined":{"minecraft:light_blue_stained_glass_pane":2,"minecraft:deepslate_tiles":3,"minecraft:gray_terracotta":11,"minecraft:quartz_block":18,"projectvibrantjourneys:sea_oats":1,"minecraft:cyan_terracotta":8,"minecraft:brewing_stand":1,"minecraft:gray_stained_glass_pane":2,"minecraft:crafting_table":2,"minecraft:light_gray_terracotta":1,"minecraft:warped_roots":1,"minecraft:spruce_leaves":1,"minecraft:glass":2,"minecraft:tall_grass":2,"minecraft:cobblestone":1,"projectvibrantjourneys:fallen_leaves":1,"minecraft:oak_planks":3,"minecraft:iron_door":1,"minecraft:spawner":4,"minecraft:cobblestone_wall":2,"minecraft:spruce_log":2,"minecraft:cracked_deepslate_tiles":1,"minecraft:anvil":4,"minecraft:enchanting_table":2,"minecraft:grass":8,"minecraft:bookshelf":27,"minecraft:oak_log":9,"vampirism:altar_infusion":1,"projectvibrantjourneys:short_grass":1,"minecraft:iron_bars":4,"minecraft:cobweb":1,"minecraft:cracked_stone_bricks":1,"minecraft:stone":1,"minecraft:stone_bricks":15,"minecraft:mossy_stone_bricks":2,"minecraft:oak_leaves":2},"minecraft:crafted":{"minecraft:wooden_sword":1,"minecraft:oak_planks":44,"minecraft:crafting_table":2,"minecraft:iron_sword":1,"minecraft:iron_axe":1,"minecraft:stick":8,"minecraft:stone_pickaxe":1,"minecraft:oak_button":1}},"DataVersion":3465}