{"stats":{"minecraft:custom":{"minecraft:time_since_rest":2015,"minecraft:sprint_one_cm":93191,"minecraft:damage_taken":1622,"minecraft:walk_one_cm":37428,"minecraft:mob_kills":7,"vampirism:interact_with_totem":1,"minecraft:drop":1,"minecraft:damage_dealt":1671,"minecraft:swim_one_cm":3896,"minecraft:damage_dealt_absorbed":90,"minecraft:interact_with_crafting_table":4,"vampirism:interact_with_research_table":2,"minecraft:fly_one_cm":197467,"minecraft:open_barrel":6,"vampirism:interact_with_garlic_diffuser":1,"minecraft:open_chest":10,"minecraft:crouch_one_cm":254,"tombstone:undead_killed":4,"minecraft:play_time":28380,"minecraft:deaths":4,"minecraft:sneak_time":483,"minecraft:walk_under_water_one_cm":245,"minecraft:jump":728,"minecraft:damage_dealt_resisted":561,"minecraft:leave_game":2,"minecraft:walk_on_water_one_cm":3438,"minecraft:time_since_death":3166,"minecraft:sleep_in_bed":1,"minecraft:climb_one_cm":6800,"minecraft:total_world_time":28380,"minecraft:fall_one_cm":21668},"minecraft:killed":{"minecraft:skeleton":3,"minecraft:zombie":1,"minecraft:spider":2,"minecraft:cow":1},"minecraft:dropped":{"minecraft:oak_button":1},"minecraft:killed_by":{"minecraft:player":2,"minecraft:skeleton":1,"minecraft:zombie":1},"minecraft:picked_up":{"minecraft:iron_door":1,"minecraft:leather":1,"pointblank:gunmetal_nugget":6,"minecraft:oak_log":11,"minecraft:arrow":2,"minecraft:cobblestone_wall":1,"minecraft:spider_eye":1,"projectvibrantjourneys:rocks":1,"projectvibrantjourneys:sea_oats":1,"tombstone:lollipop":1,"minecraft:bundle":1,"minecraft:bone":2,"comforts:sleeping_bag_white":1,"minecraft:iron_ingot":5,"minecraft:beef":2,"vampirism:hunter_axe_enhanced":1,"minecraft:poppy":2,"minecraft:oak_sapling":1,"minecraft:iron_bars":2,"minecraft:oak_planks":3},"minecraft:used":{"projectvibrantjourneys:rocks":1,"minecraft:bread":13,"minecraft:stone_pickaxe":9,"minecraft:oak_planks":15,"tombstone:grave_key":1,"minecraft:iron_door":1,"minecraft:leather_boots":1,"projectvibrantjourneys:sea_oats":1,"minecraft:wooden_sword":62,"minecraft:cobblestone":1,"minecraft:beef":2,"minecraft:crafting_table":1,"minecraft:oak_sapling":1,"tombstone:gift":3},"minecraft:crafted":{"minecraft:wooden_sword":1,"minecraft:oak_planks":44,"minecraft:crafting_table":1,"minecraft:stick":4,"minecraft:stone_pickaxe":1,"minecraft:oak_button":1},"minecraft:mined":{"minecraft:cobblestone_wall":1,"projectvibrantjourneys:sea_oats":1,"minecraft:gray_stained_glass_pane":2,"minecraft:grass":4,"projectvibrantjourneys:short_grass":1,"minecraft:oak_log":9,"minecraft:iron_bars":2,"minecraft:oak_planks":3,"minecraft:iron_door":1,"minecraft:oak_leaves":2,"minecraft:spawner":2}},"DataVersion":3465}