{"stats":{"minecraft:broken":{"minecraft:wooden_sword":1,"minecraft:leather_boots":1},"minecraft:crafted":{"minecraft:wooden_sword":1,"minecraft:oak_planks":44,"minecraft:furnace":1,"minecraft:iron_axe":1,"minecraft:stone_pickaxe":1,"minecraft:oak_button":1,"minecraft:cooked_beef":8,"minecraft:crafting_table":2,"minecraft:iron_sword":1,"minecraft:air":0,"minecraft:stick":12,"minecraft:iron_pickaxe":1,"minecraft:gold_ingot":9},"minecraft:killed_by":{"minecraft:player":4,"minecraft:creeper":1,"minecraft:spider":1,"minecraft:pillager":4,"alexsmobs:tusklin":1,"mutantmonsters:mutant_skeleton":1,"minecraft:skeleton":4,"minecraft:zombie":1},"minecraft:used":{"minecraft:iron_bars":4,"minecraft:iron_sword":193,"tombstone:lollipop":1,"minecraft:iron_chestplate":1,"minecraft:dirt":8,"minecraft:cobblestone_wall":1,"minecraft:cyan_terracotta":1,"minecraft:iron_axe":119,"minecraft:quartz_block":18,"minecraft:iron_helmet":1,"minecraft:stone_bricks":13,"minecraft:beef":10,"minecraft:oak_sapling":1,"minecraft:furnace":3,"tombstone:gift":3,"comforts:sleeping_bag_white":5,"minecraft:cooked_beef":5,"projectvibrantjourneys:rocks":1,"minecraft:stone_pickaxe":95,"minecraft:oak_planks":25,"minecraft:leather_boots":1,"projectvibrantjourneys:sea_oats":1,"minecraft:crafting_table":7,"minecraft:light_gray_terracotta":1,"minecraft:deepslate_tiles":2,"minecraft:gray_terracotta":13,"minecraft:apple":7,"minecraft:bread":60,"minecraft:iron_pickaxe":40,"tombstone:grave_key":13,"minecraft:iron_door":1,"minecraft:wooden_sword":65,"minecraft:cobblestone":4,"minecraft:smooth_stone_slab":8},"minecraft:custom":{"minecraft:mob_kills":37,"minecraft:interact_with_crafting_table":10,"minecraft:open_barrel":7,"minecraft:damage_dealt_resisted":666,"minecraft:leave_game":7,"minecraft:time_since_death":1885,"minecraft:climb_one_cm":33828,"minecraft:sprint_one_cm":431322,"minecraft:walk_one_cm":244461,"vampirism:interact_with_totem":5,"minecraft:drop":32,"tombstone:eaten_lollipop":1,"minecraft:damage_dealt_absorbed":90,"minecraft:talked_to_villager":5,"minecraft:play_time":127302,"minecraft:deaths":17,"minecraft:sneak_time":1320,"minecraft:walk_under_water_one_cm":3262,"minecraft:jump":2903,"minecraft:walk_on_water_one_cm":7350,"minecraft:total_world_time":127302,"vampirism:interact_with_injection_chair":1,"minecraft:interact_with_furnace":4,"tombstone:raider_killed":1,"vampirism:interact_with_research_table":2,"vampirism:interact_with_garlic_diffuser":1,"minecraft:sleep_in_bed":6,"minecraft:time_since_rest":646,"minecraft:damage_taken":7568,"minecraft:damage_dealt":6817,"minecraft:swim_one_cm":12941,"minecraft:fly_one_cm":762583,"minecraft:open_chest":32,"minecraft:crouch_one_cm":3866,"tombstone:undead_killed":14,"minecraft:fall_one_cm":75789},"minecraft:killed":{"vampirism:vampire":1,"minecraft:spider":8,"minecraft:skeleton":6,"minecraft:creeper":1,"minecraft:sheep":2,"minecraft:pillager":1,"minecraft:zombie":8,"minecraft:cow":10},"minecraft:dropped":{"vampirism:item_garlic":5,"minecraft:bread":2,"minecraft:wheat_seeds":1,"minecraft:oak_fence":62,"minecraft:feather":2,"minecraft:cobblestone":3,"minecraft:stick":2,"vampirism:enhanced_crossbow":1,"minecraft:sand":1,"minecraft:paper":1,"minecraft:white_wool":2,"minecraft:dandelion":1,"minecraft:bone":5,"vampirism:armor_of_swiftness_head_ultimate":2,"minecraft:cobblestone_wall":1,"vampirism:oblivion_potion":1,"pointblank:gunmetal_nugget":13,"vampirism:hunter_axe_normal":1,"minecraft:oak_button":1,"minecraft:mossy_stone_bricks":2,"minecraft:spider_eye":2,"minecraft:stone_bricks":2,"minecraft:beef":7,"minecraft:stone_pickaxe":2},"minecraft:picked_up":{"minecraft:crafting_table":6,"minecraft:anvil":4,"minecraft:brewing_stand":1,"minecraft:string":2,"vampirism:armor_of_swiftness_head_ultimate":1,"minecraft:smooth_stone_slab":8,"minecraft:deepslate_tiles":2,"comforts:sleeping_bag_white":6,"minecraft:beef":30,"minecraft:poppy":2,"minecraft:furnace":2,"minecraft:oak_fence":62,"pointblank:gunmetal_nugget":28,"tombstone:lollipop":1,"minecraft:quartz_block":18,"minecraft:arrow":5,"minecraft:cyan_terracotta":4,"minecraft:iron_bars":4,"minecraft:white_wool":2,"minecraft:cobblestone":12,"minecraft:enchanting_table":2,"minecraft:cooked_beef":4,"minecraft:iron_door":1,"minecraft:leather":11,"minecraft:oak_log":11,"minecraft:gunpowder":1,"minecraft:cobblestone_wall":2,"projectvibrantjourneys:rocks":1,"projectvibrantjourneys:sea_oats":1,"minecraft:dirt":8,"minecraft:paper":1,"minecraft:bone":5,"minecraft:stone_bricks":15,"minecraft:gray_terracotta":13,"minecraft:wheat_seeds":1,"minecraft:stone_pickaxe":1,"minecraft:iron_ingot":5,"vampirism:hunter_axe_enhanced":1,"minecraft:mossy_stone_bricks":2,"minecraft:oak_planks":3,"minecraft:book":101,"minecraft:dandelion":1,"minecraft:sand":4,"vampirism:altar_infusion":1,"minecraft:spruce_log":2,"minecraft:spider_eye":2,"minecraft:bundle":1,"minecraft:light_gray_terracotta":1,"minecraft:bread":38,"minecraft:oak_sapling":1,"minecraft:coal":8},"minecraft:mined":{"minecraft:light_blue_stained_glass_pane":2,"minecraft:deepslate_tiles":3,"minecraft:spruce_planks":1,"minecraft:brewing_stand":1,"minecraft:gray_stained_glass_pane":5,"minecraft:grass_block":4,"minecraft:spruce_leaves":1,"minecraft:spawner":8,"minecraft:large_fern":2,"minecraft:furnace":2,"minecraft:moss_carpet":1,"minecraft:anvil":4,"minecraft:enchanting_table":2,"minecraft:bookshelf":34,"vampirism:altar_infusion":1,"minecraft:iron_bars":4,"minecraft:stone":12,"minecraft:gray_terracotta":13,"minecraft:glass_pane":2,"minecraft:quartz_block":20,"projectvibrantjourneys:sea_oats":3,"minecraft:cyan_terracotta":12,"minecraft:dandelion":1,"minecraft:oak_fence":31,"minecraft:crafting_table":6,"minecraft:light_gray_terracotta":1,"projectvibrantjourneys:twigs":1,"minecraft:gray_stained_glass":2,"minecraft:warped_roots":1,"minecraft:glass":4,"minecraft:tall_grass":14,"minecraft:cobblestone":1,"projectvibrantjourneys:fallen_leaves":1,"minecraft:oak_planks":3,"minecraft:iron_door":1,"minecraft:cobblestone_wall":3,"vampirism:totem_top":1,"minecraft:spruce_log":6,"minecraft:smooth_stone_slab":6,"minecraft:grass":82,"minecraft:cracked_deepslate_tiles":1,"minecraft:oak_log":9,"projectvibrantjourneys:short_grass":24,"minecraft:oak_fence_gate":1,"minecraft:sand":5,"minecraft:dirt":5,"minecraft:cobweb":4,"minecraft:cracked_stone_bricks":1,"minecraft:stone_bricks":18,"minecraft:mossy_stone_bricks":2,"minecraft:oak_leaves":2}},"DataVersion":3465}