{"stats":{"minecraft:killed_by":{"minecraft:player":2,"minecraft:skeleton":2,"minecraft:spider":1,"minecraft:zombie":1,"minecraft:pillager":2},"minecraft:picked_up":{"minecraft:enchanting_table":1,"minecraft:crafting_table":2,"minecraft:anvil":2,"minecraft:iron_door":1,"minecraft:leather":1,"minecraft:oak_log":11,"minecraft:cobblestone_wall":1,"projectvibrantjourneys:rocks":1,"projectvibrantjourneys:sea_oats":1,"minecraft:paper":1,"minecraft:bone":3,"minecraft:stone_bricks":4,"comforts:sleeping_bag_white":2,"minecraft:iron_ingot":5,"minecraft:beef":2,"minecraft:mossy_stone_bricks":2,"vampirism:hunter_axe_enhanced":1,"minecraft:poppy":2,"minecraft:oak_planks":3,"minecraft:book":48,"pointblank:gunmetal_nugget":7,"vampirism:altar_infusion":1,"minecraft:spider_eye":1,"tombstone:lollipop":1,"minecraft:quartz_block":18,"minecraft:bundle":1,"minecraft:arrow":4,"minecraft:bread":6,"minecraft:oak_sapling":1,"minecraft:iron_bars":2,"minecraft:cobblestone":1},"minecraft:killed":{"minecraft:spider":3,"minecraft:skeleton":4,"minecraft:zombie":3,"minecraft:cow":1},"minecraft:custom":{"minecraft:mob_kills":11,"minecraft:interact_with_crafting_table":6,"vampirism:interact_with_research_table":2,"minecraft:open_barrel":6,"vampirism:interact_with_garlic_diffuser":1,"minecraft:damage_dealt_resisted":561,"minecraft:leave_game":2,"minecraft:sleep_in_bed":2,"minecraft:time_since_death":2112,"minecraft:climb_one_cm":13439,"minecraft:time_since_rest":1080,"minecraft:sprint_one_cm":141703,"minecraft:damage_taken":2973,"minecraft:walk_one_cm":83080,"vampirism:interact_with_totem":1,"minecraft:drop":7,"tombstone:eaten_lollipop":1,"minecraft:damage_dealt":2858,"minecraft:damage_dealt_absorbed":90,"minecraft:swim_one_cm":3896,"minecraft:fly_one_cm":263307,"minecraft:open_chest":11,"minecraft:crouch_one_cm":2457,"minecraft:play_time":42326,"tombstone:undead_killed":7,"minecraft:deaths":8,"minecraft:sneak_time":943,"minecraft:walk_under_water_one_cm":245,"minecraft:jump":963,"minecraft:walk_on_water_one_cm":3438,"minecraft:total_world_time":42326,"minecraft:fall_one_cm":25696},"minecraft:dropped":{"minecraft:bread":2,"minecraft:feather":2,"minecraft:oak_button":1,"minecraft:mossy_stone_bricks":2,"minecraft:spider_eye":1,"minecraft:paper":1},"minecraft:broken":{"minecraft:wooden_sword":1},"minecraft:used":{"projectvibrantjourneys:rocks":1,"minecraft:iron_bars":2,"minecraft:stone_pickaxe":51,"minecraft:oak_planks":16,"minecraft:iron_sword":23,"tombstone:lollipop":1,"minecraft:leather_boots":1,"projectvibrantjourneys:sea_oats":1,"minecraft:crafting_table":3,"minecraft:cobblestone_wall":1,"minecraft:iron_axe":17,"minecraft:bread":21,"minecraft:quartz_block":11,"tombstone:grave_key":5,"minecraft:iron_door":1,"minecraft:stone_bricks":4,"minecraft:wooden_sword":65,"minecraft:cobblestone":4,"minecraft:beef":2,"minecraft:oak_sapling":1,"tombstone:gift":3,"comforts:sleeping_bag_white":1},"minecraft:mined":{"minecraft:quartz_block":18,"projectvibrantjourneys:sea_oats":1,"minecraft:cyan_terracotta":4,"minecraft:gray_stained_glass_pane":2,"minecraft:crafting_table":2,"minecraft:tall_grass":1,"minecraft:cobblestone":1,"projectvibrantjourneys:fallen_leaves":1,"minecraft:oak_planks":3,"minecraft:iron_door":1,"minecraft:spawner":2,"minecraft:cobblestone_wall":2,"minecraft:anvil":2,"vampirism:altar_infusion":1,"minecraft:enchanting_table":1,"minecraft:grass":4,"minecraft:bookshelf":16,"projectvibrantjourneys:short_grass":1,"minecraft:oak_log":9,"minecraft:iron_bars":2,"minecraft:stone_bricks":8,"minecraft:mossy_stone_bricks":2,"minecraft:oak_leaves":2},"minecraft:crafted":{"minecraft:wooden_sword":1,"minecraft:oak_planks":44,"minecraft:crafting_table":2,"minecraft:iron_sword":1,"minecraft:iron_axe":1,"minecraft:stick":8,"minecraft:stone_pickaxe":1,"minecraft:oak_button":1}},"DataVersion":3465}