{"stats":{"minecraft:killed":{"vampirism:vampire":2,"minecraft:cave_spider":1,"minecraft:spider":11,"minecraft:skeleton":12,"minecraft:silverfish":4,"alexsmobs:centipede_head":1,"artifacts:mimic":1,"minecraft:creeper":4,"vampirism:hunter":5,"minecraft:sheep":2,"minecraft:pillager":1,"minecraft:zombie":26,"alexsmobs:fly":1,"minecraft:cow":22},"minecraft:picked_up":{"minecraft:anvil":4,"minecraft:brewing_stand":1,"minecraft:string":14,"vampirism:armor_of_swiftness_head_ultimate":1,"minecraft:raw_copper":46,"minecraft:smooth_stone_slab":8,"minecraft:deepslate_tiles":2,"minecraft:cobbled_deepslate":53,"comforts:sleeping_bag_white":7,"minecraft:spruce_planks":7,"minecraft:calcite":2,"minecraft:furnace":2,"minecraft:oak_fence":63,"minecraft:porkchop":2,"psg:sulphur":6,"vampirism:holy_water_bottle_enhanced":2,"tombstone:grave_dust":6,"vampirism:vampire_fang":1,"alexsmobs:centipede_leg":2,"tombstone:lollipop":1,"minecraft:quartz_block":22,"minecraft:rotten_flesh":13,"minecraft:red_tulip":1,"minecraft:cyan_terracotta":4,"minecraft:iron_bars":4,"minecraft:cobblestone":31,"minecraft:enchanting_table":2,"minecraft:cooked_beef":9,"minecraft:iron_door":1,"minecraft:andesite":6,"projectvibrantjourneys:fallen_leaves":1,"minecraft:tuff":4,"projectvibrantjourneys:rocks":1,"minecraft:dirt":22,"minecraft:lapis_lazuli":106,"artifacts:flippers":1,"minecraft:leather_boots":1,"minecraft:bone":13,"minecraft:stonecutter":2,"minecraft:gray_terracotta":13,"minecraft:wheat_seeds":9,"minecraft:raw_gold":18,"vampirism:item_garlic":1,"minecraft:grindstone":2,"minecraft:mossy_stone_bricks":2,"minecraft:oak_planks":4,"minecraft:sand":70,"artifacts:plastic_drinking_hat":1,"minecraft:bundle":2,"minecraft:light_gray_terracotta":1,"minecraft:diamond":22,"minecraft:granite":1,"minecraft:bread":38,"minecraft:oak_sapling":1,"minecraft:crafting_table":6,"artifacts:night_vision_goggles":1,"minecraft:beef":61,"projectvibrantjourneys:sandy_sprouts":3,"minecraft:poppy":2,"minecraft:raw_iron":82,"projectvibrantjourneys:bark_mushroom":1,"pointblank:gunmetal_nugget":73,"minecraft:redstone":29,"minecraft:arrow":9,"minecraft:gold_ingot":10,"minecraft:rail":1,"minecraft:white_wool":3,"minecraft:glow_ink_sac":1,"minecraft:leather":24,"minecraft:oak_log":69,"minecraft:lily_pad":1,"minecraft:gunpowder":8,"minecraft:cobblestone_wall":2,"projectvibrantjourneys:sea_oats":1,"minecraft:paper":1,"minecraft:blue_bed":2,"vampirism:human_heart":3,"minecraft:stone_bricks":15,"minecraft:iron_ingot":6,"minecraft:stone_pickaxe":1,"vampirism:hunter_axe_enhanced":1,"travelersbackpack:blank_upgrade":2,"minecraft:book":104,"projectvibrantjourneys:light_brown_bark_mushroom":4,"minecraft:dandelion":1,"minecraft:white_bed":1,"minecraft:spruce_log":2,"vampirism:altar_infusion":1,"artifacts:scarf_of_invisibility":1,"minecraft:spider_eye":7,"travelersbackpack:standard":1,"minecraft:slime_ball":2,"tombstone:magic_scroll":1,"minecraft:coal":8,"minecraft:ender_pearl":1},"minecraft:dropped":{"minecraft:iron_sword":1,"minecraft:cooked_beef":10,"minecraft:oak_log":10,"projectvibrantjourneys:sandy_sprouts":2,"minecraft:leather":11,"sophisticatedbackpacks:gold_backpack":1,"artifacts:night_vision_goggles":1,"minecraft:gold_nugget":2,"minecraft:sand":1,"minecraft:iron_pickaxe":1,"minecraft:white_wool":3,"projectvibrantjourneys:bark_mushroom":1,"minecraft:bone":9,"alexsmobs:centipede_leg":2,"minecraft:stone_axe":1,"alexsmobs:animal_dictionary":1,"tombstone:gift":1,"vampirism:holy_water_bottle_enhanced":2,"minecraft:rotten_flesh":11,"vampirism:oblivion_potion":1,"vampirism:hunter_axe_normal":1,"projectvibrantjourneys:light_brown_bark_mushroom":4,"minecraft:gunpowder":1,"minecraft:leather_boots":1,"minecraft:beef":30,"artifacts:scarf_of_invisibility":1,"vampirism:item_garlic":5,"minecraft:bread":26,"minecraft:wheat_seeds":9,"vampirism:vampire_book":2,"minecraft:oak_fence":62,"minecraft:feather":2,"minecraft:cobblestone":5,"minecraft:stick":2,"minecraft:torch":5,"vampirism:enhanced_crossbow":1,"tombstone:grave_dust":1,"minecraft:iron_leggings":1,"artifacts:feral_claws":1,"minecraft:paper":1,"minecraft:string":1,"minecraft:lily_pad":1,"minecraft:bucket":1,"vampirism:injection_garlic":1,"minecraft:dandelion":1,"vampirism:armor_of_swiftness_head_ultimate":2,"minecraft:cobblestone_wall":1,"minecraft:iron_boots":1,"pointblank:gunmetal_nugget":19,"minecraft:stone":1,"minecraft:oak_button":1,"minecraft:bundle":2,"minecraft:iron_chestplate":1,"minecraft:diamond_pickaxe":1,"minecraft:mossy_stone_bricks":2,"minecraft:stone_bricks":2,"minecraft:spider_eye":4,"minecraft:bow":1,"minecraft:stone_pickaxe":2,"minecraft:red_tulip":1},"minecraft:mined":{"minecraft:spruce_planks":8,"minecraft:brewing_stand":1,"minecraft:granite":1,"minecraft:grass_block":4,"minecraft:spawner":9,"minecraft:iron_ore":45,"minecraft:cobbled_deepslate":2,"projectvibrantjourneys:bark_mushroom":1,"minecraft:moss_carpet":1,"minecraft:deepslate_lapis_ore":8,"minecraft:anvil":4,"minecraft:enchanting_table":2,"minecraft:red_tulip":1,"minecraft:iron_bars":4,"minecraft:deepslate_redstone_ore":6,"minecraft:gray_terracotta":13,"minecraft:quartz_block":23,"projectvibrantjourneys:sea_oats":3,"minecraft:cyan_terracotta":12,"vampirism:totem_top_vampirism_vampire":1,"minecraft:light_gray_terracotta":1,"projectvibrantjourneys:twigs":1,"minecraft:calcite":2,"minecraft:glass":4,"minecraft:cobblestone":3,"minecraft:grindstone":2,"projectvibrantjourneys:fallen_leaves":1,"minecraft:oak_planks":3,"minecraft:iron_door":1,"minecraft:deepslate_copper_ore":11,"vampirism:totem_top":1,"overworld_netherite_ore:deepslate_ancient_debris_ore":1,"minecraft:smooth_stone_slab":6,"minecraft:grass":140,"minecraft:cracked_deepslate_tiles":1,"minecraft:oak_log":67,"projectvibrantjourneys:short_grass":35,"minecraft:oak_fence_gate":1,"minecraft:sand":60,"minecraft:dirt":13,"minecraft:stonecutter":2,"minecraft:oak_leaves":14,"minecraft:deepslate":56,"minecraft:light_blue_stained_glass_pane":2,"minecraft:deepslate_tiles":3,"minecraft:tuff":6,"minecraft:mossy_cobblestone":2,"minecraft:deepslate_diamond_ore":22,"projectvibrantjourneys:rocks":2,"minecraft:gray_stained_glass_pane":5,"minecraft:spruce_leaves":2,"minecraft:large_fern":3,"minecraft:furnace":2,"minecraft:andesite":6,"minecraft:bookshelf":35,"vampirism:altar_infusion":1,"minecraft:deepslate_iron_ore":37,"minecraft:stone":29,"minecraft:white_tulip":1,"minecraft:glass_pane":2,"minecraft:dandelion":1,"psg:deepslate_sulphur_ore":1,"minecraft:oak_fence":32,"minecraft:crafting_table":6,"minecraft:gray_stained_glass":2,"minecraft:warped_roots":1,"minecraft:tall_grass":31,"minecraft:copper_ore":2,"minecraft:lapis_ore":8,"minecraft:deepslate_gold_ore":18,"minecraft:blue_bed":2,"minecraft:cobblestone_wall":3,"minecraft:spruce_log":6,"projectvibrantjourneys:sandy_sprouts":2,"minecraft:cobweb":11,"minecraft:cracked_stone_bricks":1,"minecraft:stone_bricks":18,"minecraft:mossy_stone_bricks":2},"minecraft:killed_by":{"minecraft:zombie_villager":1,"minecraft:creeper":1,"minecraft:pillager":4,"minecraft:drowned":1,"alexsmobs:tusklin":1,"minecraft:zombie":10,"vampirism:hunter":1,"minecraft:player":10,"minecraft:spider":1,"mutantmonsters:mutant_skeleton":1,"minecraft:skeleton":4},"minecraft:crafted":{"minecraft:oak_planks":203,"vampirism:injection_garlic":1,"vampirism:med_chair":1,"minecraft:bookshelf":27,"minecraft:glass":6,"minecraft:iron_boots":3,"minecraft:oak_button":1,"travelersbackpack:iron_tier_upgrade":1,"minecraft:cooked_porkchop":10,"minecraft:crafting_table":2,"travelersbackpack:standard":2,"minecraft:iron_helmet":1,"minecraft:iron_chestplate":2,"minecraft:diamond_pickaxe":2,"minecraft:stick":20,"minecraft:iron_ingot":69,"minecraft:iron_pickaxe":1,"minecraft:gold_ingot":9,"minecraft:wooden_sword":1,"minecraft:furnace":2,"travelersbackpack:gold_tier_upgrade":1,"minecraft:glass_pane":16,"vampirism:injection_empty":1,"minecraft:iron_axe":1,"minecraft:stone_pickaxe":1,"minecraft:cooked_beef":13,"minecraft:diamond_sword":1,"minecraft:iron_sword":1,"minecraft:bucket":1,"minecraft:air":0,"minecraft:iron_leggings":3},"minecraft:broken":{"minecraft:wooden_sword":1,"minecraft:iron_sword":1,"aether:iron_gloves":1,"minecraft:iron_axe":1,"minecraft:leather_boots":1,"minecraft:iron_helmet":1},"minecraft:custom":{"minecraft:animals_bred":1,"minecraft:interact_with_crafting_table":30,"minecraft:open_barrel":12,"minecraft:leave_game":19,"minecraft:time_since_death":19249,"minecraft:sprint_one_cm":805063,"vampirism:interact_with_totem":5,"minecraft:drop":113,"tombstone:eaten_lollipop":1,"minecraft:talked_to_villager":15,"minecraft:play_time":285977,"minecraft:deaths":36,"tombstone:tomb_raiding":1,"minecraft:jump":6069,"minecraft:walk_on_water_one_cm":34422,"minecraft:interact_with_furnace":43,"vampirism:interact_with_research_table":2,"minecraft:sleep_in_bed":11,"tombstone:sneak_grave":1,"minecraft:damage_dealt":19031,"minecraft:player_kills":2,"minecraft:crouch_one_cm":9466,"tombstone:undead_killed":38,"minecraft:interact_with_smithing_table":11,"minecraft:mob_kills":95,"minecraft:interact_with_anvil":3,"minecraft:damage_dealt_resisted":1392,"minecraft:climb_one_cm":34600,"vampirism:amount_bitten":122,"minecraft:walk_one_cm":551391,"vampirism:skills_unlocked":8,"minecraft:damage_dealt_absorbed":90,"minecraft:sneak_time":3384,"minecraft:walk_under_water_one_cm":11690,"minecraft:interact_with_blast_furnace":8,"minecraft:total_world_time":285977,"vampirism:blood_drunk":13000,"vampirism:interact_with_injection_chair":9,"tombstone:raider_killed":1,"vampirism:interact_with_garlic_diffuser":1,"minecraft:time_since_rest":17246,"vampirism:resurrected":1,"minecraft:damage_taken":509009,"minecraft:swim_one_cm":25886,"minecraft:fly_one_cm":1428758,"minecraft:open_chest":157,"minecraft:fall_one_cm":160366},"minecraft:used":{"minecraft:iron_shovel":34,"minecraft:iron_sword":320,"tombstone:lollipop":1,"minecraft:iron_chestplate":1,"minecraft:tuff":3,"minecraft:milk_bucket":1,"minecraft:glass":10,"minecraft:cyan_terracotta":1,"minecraft:quartz_block":22,"minecraft:iron_helmet":1,"minecraft:stone_bricks":13,"minecraft:furnace":4,"minecraft:oak_sapling":1,"projectvibrantjourneys:rocks":1,"minecraft:stone_pickaxe":95,"minecraft:oak_planks":25,"vampirism:human_heart":3,"minecraft:blue_bed":2,"minecraft:sand":43,"minecraft:light_gray_terracotta":1,"minecraft:deepslate_tiles":2,"minecraft:bread":114,"tombstone:grave_key":20,"minecraft:iron_door":1,"minecraft:diamond_sword":38,"minecraft:wooden_sword":65,"minecraft:andesite":6,"minecraft:smooth_stone_slab":8,"vampirism:med_chair":1,"projectvibrantjourneys:sandy_sprouts":1,"minecraft:oak_fence":1,"minecraft:enchanting_table":1,"minecraft:iron_bars":4,"minecraft:spruce_planks":7,"minecraft:dirt":22,"minecraft:spyglass":4,"minecraft:anvil":1,"minecraft:cobblestone_wall":1,"projectvibrantjourneys:fallen_leaves":1,"minecraft:bookshelf":17,"minecraft:iron_axe":247,"minecraft:beef":13,"tombstone:gift":3,"comforts:sleeping_bag_white":6,"minecraft:cooked_beef":5,"minecraft:cobbled_deepslate":35,"farmersdelight:iron_knife":20,"minecraft:leather_boots":1,"projectvibrantjourneys:sea_oats":1,"minecraft:crafting_table":7,"minecraft:white_bed":1,"minecraft:oak_log":8,"minecraft:gray_terracotta":13,"minecraft:diamond_pickaxe":60,"minecraft:apple":7,"minecraft:iron_pickaxe":248,"minecraft:cobblestone":20,"travelersbackpack:standard":2,"minecraft:porkchop":2,"minecraft:cooked_porkchop":7}},"DataVersion":3465}