{"stats":{"minecraft:killed_by":{"minecraft:player":2,"minecraft:skeleton":4,"minecraft:creeper":1,"minecraft:spider":1,"minecraft:zombie":1,"minecraft:pillager":2},"minecraft:picked_up":{"minecraft:enchanting_table":1,"minecraft:crafting_table":2,"minecraft:anvil":2,"minecraft:iron_door":1,"minecraft:leather":1,"minecraft:oak_log":11,"minecraft:cobblestone_wall":1,"projectvibrantjourneys:rocks":1,"projectvibrantjourneys:sea_oats":1,"vampirism:armor_of_swiftness_head_ultimate":1,"minecraft:paper":1,"minecraft:bone":5,"minecraft:stone_bricks":8,"comforts:sleeping_bag_white":3,"minecraft:iron_ingot":5,"minecraft:beef":2,"minecraft:mossy_stone_bricks":2,"vampirism:hunter_axe_enhanced":1,"minecraft:poppy":2,"minecraft:oak_planks":3,"minecraft:book":60,"pointblank:gunmetal_nugget":7,"vampirism:altar_infusion":1,"minecraft:spider_eye":2,"tombstone:lollipop":1,"minecraft:arrow":4,"minecraft:bundle":1,"minecraft:quartz_block":18,"minecraft:light_gray_terracotta":1,"minecraft:bread":38,"minecraft:oak_sapling":1,"minecraft:iron_bars":4,"minecraft:cobblestone":1},"minecraft:killed":{"minecraft:spider":4,"minecraft:skeleton":5,"minecraft:zombie":3,"minecraft:cow":1},"minecraft:custom":{"minecraft:mob_kills":13,"minecraft:interact_with_crafting_table":6,"vampirism:interact_with_research_table":2,"minecraft:open_barrel":6,"vampirism:interact_with_garlic_diffuser":1,"minecraft:damage_dealt_resisted":561,"minecraft:leave_game":4,"minecraft:time_since_death":7591,"minecraft:sleep_in_bed":3,"minecraft:climb_one_cm":18265,"minecraft:time_since_rest":6274,"minecraft:sprint_one_cm":178505,"minecraft:damage_taken":4170,"minecraft:walk_one_cm":107532,"minecraft:drop":10,"vampirism:interact_with_totem":2,"tombstone:eaten_lollipop":1,"minecraft:damage_dealt":3416,"minecraft:play_time":54785,"minecraft:damage_dealt_absorbed":90,"minecraft:swim_one_cm":9875,"minecraft:talked_to_villager":1,"minecraft:fly_one_cm":332318,"minecraft:crouch_one_cm":2589,"tombstone:undead_killed":8,"minecraft:open_chest":13,"minecraft:deaths":11,"minecraft:sneak_time":994,"minecraft:walk_under_water_one_cm":2670,"minecraft:jump":1244,"minecraft:walk_on_water_one_cm":5514,"minecraft:total_world_time":54785,"minecraft:fall_one_cm":33769},"minecraft:dropped":{"minecraft:bread":2,"vampirism:armor_of_swiftness_head_ultimate":2,"minecraft:feather":2,"minecraft:oak_button":1,"minecraft:mossy_stone_bricks":2,"minecraft:spider_eye":2,"minecraft:paper":1},"minecraft:broken":{"minecraft:wooden_sword":1,"minecraft:leather_boots":1},"minecraft:used":{"projectvibrantjourneys:rocks":1,"minecraft:iron_bars":4,"minecraft:stone_pickaxe":62,"minecraft:oak_planks":16,"minecraft:iron_sword":35,"tombstone:lollipop":1,"minecraft:leather_boots":1,"minecraft:iron_chestplate":1,"projectvibrantjourneys:sea_oats":1,"minecraft:crafting_table":3,"minecraft:cobblestone_wall":1,"minecraft:light_gray_terracotta":1,"minecraft:iron_axe":21,"minecraft:bread":28,"minecraft:quartz_block":18,"minecraft:iron_helmet":1,"minecraft:iron_door":1,"tombstone:grave_key":8,"minecraft:stone_bricks":8,"minecraft:wooden_sword":65,"minecraft:cobblestone":4,"minecraft:beef":2,"minecraft:oak_sapling":1,"tombstone:gift":3,"comforts:sleeping_bag_white":2},"minecraft:mined":{"minecraft:quartz_block":18,"projectvibrantjourneys:sea_oats":1,"minecraft:cyan_terracotta":4,"minecraft:gray_stained_glass_pane":2,"minecraft:crafting_table":2,"minecraft:light_gray_terracotta":1,"minecraft:tall_grass":1,"minecraft:cobblestone":1,"projectvibrantjourneys:fallen_leaves":1,"minecraft:oak_planks":3,"minecraft:iron_door":1,"minecraft:spawner":4,"minecraft:cobblestone_wall":2,"minecraft:anvil":2,"minecraft:enchanting_table":1,"minecraft:grass":5,"minecraft:bookshelf":20,"minecraft:oak_log":9,"vampirism:altar_infusion":1,"projectvibrantjourneys:short_grass":1,"minecraft:iron_bars":4,"minecraft:cobweb":1,"minecraft:cracked_stone_bricks":1,"minecraft:stone_bricks":13,"minecraft:mossy_stone_bricks":2,"minecraft:oak_leaves":2},"minecraft:crafted":{"minecraft:wooden_sword":1,"minecraft:oak_planks":44,"minecraft:crafting_table":2,"minecraft:iron_sword":1,"minecraft:iron_axe":1,"minecraft:stick":8,"minecraft:stone_pickaxe":1,"minecraft:oak_button":1}},"DataVersion":3465}