{"stats":{"minecraft:broken":{"minecraft:wooden_sword":1,"minecraft:leather_boots":1},"minecraft:crafted":{"minecraft:wooden_sword":1,"minecraft:oak_planks":203,"minecraft:furnace":1,"minecraft:bookshelf":27,"travelersbackpack:gold_tier_upgrade":1,"minecraft:glass":6,"minecraft:iron_boots":1,"minecraft:iron_axe":1,"minecraft:stone_pickaxe":1,"minecraft:oak_button":1,"minecraft:cooked_beef":8,"minecraft:crafting_table":2,"minecraft:iron_sword":1,"minecraft:air":0,"minecraft:stick":12,"minecraft:iron_pickaxe":1,"minecraft:gold_ingot":9,"minecraft:iron_leggings":1},"minecraft:killed_by":{"minecraft:player":4,"minecraft:creeper":1,"minecraft:spider":1,"minecraft:pillager":4,"alexsmobs:tusklin":1,"mutantmonsters:mutant_skeleton":1,"minecraft:skeleton":4,"minecraft:zombie":1},"minecraft:used":{"minecraft:oak_fence":1,"minecraft:enchanting_table":1,"minecraft:iron_bars":4,"minecraft:iron_sword":202,"tombstone:lollipop":1,"minecraft:iron_chestplate":1,"minecraft:dirt":8,"minecraft:spyglass":4,"minecraft:anvil":1,"minecraft:cobblestone_wall":1,"minecraft:cyan_terracotta":1,"minecraft:bookshelf":17,"minecraft:iron_axe":193,"minecraft:quartz_block":18,"minecraft:iron_helmet":1,"minecraft:stone_bricks":13,"minecraft:beef":10,"minecraft:oak_sapling":1,"minecraft:furnace":3,"tombstone:gift":3,"comforts:sleeping_bag_white":5,"minecraft:cooked_beef":5,"projectvibrantjourneys:rocks":1,"minecraft:stone_pickaxe":95,"minecraft:oak_planks":25,"minecraft:leather_boots":1,"projectvibrantjourneys:sea_oats":1,"minecraft:sand":3,"minecraft:crafting_table":7,"minecraft:light_gray_terracotta":1,"minecraft:deepslate_tiles":2,"minecraft:oak_log":7,"minecraft:gray_terracotta":13,"minecraft:apple":7,"minecraft:bread":70,"minecraft:iron_pickaxe":42,"tombstone:grave_key":13,"minecraft:iron_door":1,"minecraft:wooden_sword":65,"minecraft:cobblestone":4,"travelersbackpack:standard":1,"minecraft:smooth_stone_slab":8},"minecraft:custom":{"minecraft:interact_with_smithing_table":3,"minecraft:mob_kills":39,"minecraft:interact_with_crafting_table":20,"minecraft:open_barrel":7,"minecraft:damage_dealt_resisted":670,"minecraft:leave_game":12,"minecraft:time_since_death":18137,"minecraft:climb_one_cm":33828,"minecraft:sprint_one_cm":448224,"minecraft:walk_one_cm":278013,"vampirism:interact_with_totem":5,"minecraft:drop":51,"tombstone:eaten_lollipop":1,"minecraft:damage_dealt_absorbed":90,"minecraft:talked_to_villager":5,"minecraft:play_time":143554,"minecraft:deaths":17,"minecraft:sneak_time":1564,"minecraft:walk_under_water_one_cm":3262,"minecraft:jump":3084,"minecraft:interact_with_blast_furnace":2,"minecraft:walk_on_water_one_cm":7350,"minecraft:total_world_time":143554,"vampirism:interact_with_injection_chair":1,"minecraft:interact_with_furnace":16,"tombstone:raider_killed":1,"vampirism:interact_with_research_table":2,"vampirism:interact_with_garlic_diffuser":1,"minecraft:sleep_in_bed":7,"minecraft:time_since_rest":6055,"minecraft:damage_taken":8098,"minecraft:damage_dealt":7292,"minecraft:swim_one_cm":12941,"minecraft:fly_one_cm":798483,"minecraft:crouch_one_cm":4501,"minecraft:open_chest":52,"tombstone:undead_killed":16,"minecraft:fall_one_cm":78506},"minecraft:killed":{"vampirism:vampire":1,"minecraft:spider":8,"minecraft:skeleton":8,"minecraft:creeper":1,"minecraft:sheep":2,"minecraft:pillager":1,"minecraft:zombie":8,"minecraft:cow":10},"minecraft:dropped":{"vampirism:item_garlic":5,"minecraft:bread":2,"minecraft:wheat_seeds":1,"minecraft:oak_log":10,"vampirism:vampire_book":2,"minecraft:oak_fence":62,"minecraft:feather":2,"minecraft:cobblestone":3,"minecraft:leather":10,"minecraft:stick":2,"vampirism:enhanced_crossbow":1,"minecraft:sand":1,"minecraft:paper":1,"minecraft:white_wool":2,"projectvibrantjourneys:bark_mushroom":1,"minecraft:dandelion":1,"minecraft:bone":7,"vampirism:armor_of_swiftness_head_ultimate":2,"minecraft:cobblestone_wall":1,"vampirism:oblivion_potion":1,"pointblank:gunmetal_nugget":13,"vampirism:hunter_axe_normal":1,"projectvibrantjourneys:light_brown_bark_mushroom":4,"minecraft:oak_button":1,"minecraft:mossy_stone_bricks":2,"minecraft:leather_boots":1,"minecraft:stone_bricks":2,"minecraft:spider_eye":2,"minecraft:stone_pickaxe":2,"minecraft:beef":7},"minecraft:picked_up":{"minecraft:crafting_table":6,"artifacts:night_vision_goggles":1,"minecraft:anvil":4,"minecraft:brewing_stand":1,"vampirism:armor_of_swiftness_head_ultimate":1,"minecraft:string":2,"minecraft:smooth_stone_slab":8,"minecraft:deepslate_tiles":2,"comforts:sleeping_bag_white":6,"minecraft:beef":30,"minecraft:poppy":2,"minecraft:furnace":2,"projectvibrantjourneys:bark_mushroom":1,"minecraft:oak_fence":63,"pointblank:gunmetal_nugget":28,"tombstone:lollipop":1,"minecraft:quartz_block":18,"minecraft:arrow":7,"minecraft:cyan_terracotta":4,"minecraft:gold_ingot":10,"minecraft:iron_bars":4,"minecraft:white_wool":2,"minecraft:cobblestone":12,"minecraft:enchanting_table":2,"minecraft:cooked_beef":4,"minecraft:iron_door":1,"minecraft:leather":11,"minecraft:oak_log":68,"minecraft:cobblestone_wall":2,"minecraft:gunpowder":1,"projectvibrantjourneys:rocks":1,"projectvibrantjourneys:sea_oats":1,"minecraft:dirt":8,"minecraft:paper":1,"minecraft:leather_boots":1,"minecraft:bone":7,"minecraft:stone_bricks":15,"minecraft:gray_terracotta":13,"minecraft:wheat_seeds":1,"minecraft:stone_pickaxe":1,"minecraft:iron_ingot":5,"vampirism:hunter_axe_enhanced":1,"minecraft:mossy_stone_bricks":2,"minecraft:oak_planks":4,"travelersbackpack:blank_upgrade":2,"minecraft:book":104,"projectvibrantjourneys:light_brown_bark_mushroom":4,"minecraft:dandelion":1,"minecraft:sand":30,"vampirism:altar_infusion":1,"minecraft:spruce_log":2,"minecraft:spider_eye":2,"minecraft:bundle":1,"travelersbackpack:standard":1,"minecraft:light_gray_terracotta":1,"minecraft:bread":38,"minecraft:oak_sapling":1,"minecraft:coal":8},"minecraft:mined":{"minecraft:light_blue_stained_glass_pane":2,"minecraft:deepslate_tiles":3,"minecraft:spruce_planks":1,"minecraft:brewing_stand":1,"minecraft:gray_stained_glass_pane":5,"minecraft:grass_block":4,"minecraft:spruce_leaves":1,"minecraft:spawner":8,"minecraft:large_fern":2,"minecraft:furnace":2,"projectvibrantjourneys:bark_mushroom":1,"minecraft:moss_carpet":1,"minecraft:anvil":4,"minecraft:enchanting_table":2,"minecraft:bookshelf":35,"vampirism:altar_infusion":1,"minecraft:iron_bars":4,"minecraft:stone":12,"minecraft:gray_terracotta":13,"minecraft:glass_pane":2,"minecraft:quartz_block":20,"projectvibrantjourneys:sea_oats":3,"minecraft:cyan_terracotta":12,"minecraft:dandelion":1,"minecraft:oak_fence":32,"minecraft:crafting_table":6,"minecraft:light_gray_terracotta":1,"projectvibrantjourneys:twigs":1,"minecraft:gray_stained_glass":2,"minecraft:warped_roots":1,"minecraft:glass":4,"minecraft:tall_grass":14,"minecraft:cobblestone":1,"projectvibrantjourneys:fallen_leaves":1,"minecraft:oak_planks":3,"minecraft:iron_door":1,"minecraft:cobblestone_wall":3,"vampirism:totem_top":1,"minecraft:spruce_log":6,"minecraft:smooth_stone_slab":6,"minecraft:grass":82,"minecraft:cracked_deepslate_tiles":1,"minecraft:oak_log":66,"projectvibrantjourneys:short_grass":25,"minecraft:oak_fence_gate":1,"minecraft:sand":30,"minecraft:dirt":5,"minecraft:cobweb":4,"minecraft:cracked_stone_bricks":1,"minecraft:stone_bricks":18,"minecraft:mossy_stone_bricks":2,"minecraft:oak_leaves":14}},"DataVersion":3465}