{"stats":{"minecraft:killed":{"vampirism:vampire":2,"minecraft:cave_spider":1,"minecraft:spider":11,"minecraft:skeleton":11,"minecraft:creeper":3,"vampirism:hunter":5,"minecraft:sheep":2,"minecraft:pillager":1,"minecraft:zombie":18,"alexsmobs:fly":1,"minecraft:cow":22},"minecraft:picked_up":{"minecraft:crafting_table":6,"artifacts:night_vision_goggles":1,"minecraft:anvil":4,"minecraft:brewing_stand":1,"vampirism:armor_of_swiftness_head_ultimate":1,"minecraft:string":13,"minecraft:raw_copper":46,"minecraft:smooth_stone_slab":8,"minecraft:deepslate_tiles":2,"minecraft:cobbled_deepslate":28,"comforts:sleeping_bag_white":7,"minecraft:spruce_planks":3,"minecraft:beef":56,"projectvibrantjourneys:sandy_sprouts":3,"minecraft:poppy":2,"minecraft:furnace":2,"minecraft:raw_iron":81,"projectvibrantjourneys:bark_mushroom":1,"minecraft:oak_fence":63,"minecraft:porkchop":2,"pointblank:gunmetal_nugget":59,"vampirism:holy_water_bottle_enhanced":2,"vampirism:vampire_fang":1,"tombstone:grave_dust":3,"tombstone:lollipop":1,"minecraft:quartz_block":22,"minecraft:arrow":9,"minecraft:rotten_flesh":8,"minecraft:red_tulip":1,"minecraft:cyan_terracotta":4,"minecraft:gold_ingot":10,"minecraft:iron_bars":4,"minecraft:rail":1,"minecraft:white_wool":3,"minecraft:cobblestone":30,"minecraft:enchanting_table":2,"minecraft:cooked_beef":4,"minecraft:iron_door":1,"minecraft:andesite":6,"projectvibrantjourneys:fallen_leaves":1,"minecraft:leather":24,"minecraft:tuff":4,"minecraft:oak_log":69,"minecraft:lily_pad":1,"minecraft:cobblestone_wall":2,"minecraft:gunpowder":6,"projectvibrantjourneys:rocks":1,"projectvibrantjourneys:sea_oats":1,"minecraft:lapis_lazuli":92,"minecraft:dirt":22,"minecraft:blue_bed":1,"minecraft:paper":1,"minecraft:leather_boots":1,"minecraft:bone":12,"vampirism:human_heart":3,"minecraft:stone_bricks":15,"minecraft:gray_terracotta":13,"minecraft:stonecutter":2,"minecraft:wheat_seeds":9,"minecraft:raw_gold":18,"vampirism:item_garlic":1,"minecraft:iron_ingot":5,"minecraft:grindstone":2,"minecraft:stone_pickaxe":1,"vampirism:hunter_axe_enhanced":1,"minecraft:mossy_stone_bricks":2,"minecraft:oak_planks":4,"travelersbackpack:blank_upgrade":2,"minecraft:book":104,"projectvibrantjourneys:light_brown_bark_mushroom":4,"minecraft:dandelion":1,"minecraft:sand":70,"minecraft:white_bed":1,"minecraft:spruce_log":2,"vampirism:altar_infusion":1,"artifacts:scarf_of_invisibility":1,"minecraft:spider_eye":6,"artifacts:plastic_drinking_hat":1,"minecraft:bundle":2,"travelersbackpack:standard":1,"minecraft:light_gray_terracotta":1,"minecraft:diamond":8,"minecraft:granite":1,"minecraft:bread":38,"tombstone:magic_scroll":1,"minecraft:oak_sapling":1,"minecraft:coal":8,"minecraft:ender_pearl":1},"minecraft:dropped":{"vampirism:item_garlic":5,"minecraft:bread":26,"minecraft:iron_sword":1,"minecraft:wheat_seeds":9,"minecraft:oak_log":10,"vampirism:vampire_book":2,"projectvibrantjourneys:sandy_sprouts":2,"minecraft:oak_fence":62,"minecraft:feather":2,"minecraft:cobblestone":5,"minecraft:leather":11,"minecraft:stick":2,"sophisticatedbackpacks:gold_backpack":1,"artifacts:night_vision_goggles":1,"minecraft:torch":5,"tombstone:grave_dust":1,"vampirism:enhanced_crossbow":1,"minecraft:iron_leggings":1,"minecraft:gold_nugget":2,"minecraft:sand":1,"minecraft:iron_pickaxe":1,"artifacts:feral_claws":1,"minecraft:paper":1,"minecraft:string":1,"minecraft:lily_pad":1,"minecraft:white_wool":3,"minecraft:bucket":1,"projectvibrantjourneys:bark_mushroom":1,"vampirism:injection_garlic":1,"minecraft:dandelion":1,"minecraft:bone":9,"minecraft:stone_axe":1,"vampirism:armor_of_swiftness_head_ultimate":2,"alexsmobs:animal_dictionary":1,"minecraft:cobblestone_wall":1,"tombstone:gift":1,"vampirism:holy_water_bottle_enhanced":2,"minecraft:rotten_flesh":11,"minecraft:iron_boots":1,"vampirism:oblivion_potion":1,"pointblank:gunmetal_nugget":19,"vampirism:hunter_axe_normal":1,"projectvibrantjourneys:light_brown_bark_mushroom":4,"minecraft:stone":1,"minecraft:gunpowder":1,"minecraft:oak_button":1,"minecraft:bundle":2,"minecraft:iron_chestplate":1,"minecraft:mossy_stone_bricks":2,"minecraft:leather_boots":1,"minecraft:spider_eye":4,"minecraft:stone_bricks":2,"minecraft:bow":1,"minecraft:stone_pickaxe":2,"minecraft:beef":30,"minecraft:red_tulip":1,"artifacts:scarf_of_invisibility":1},"minecraft:mined":{"minecraft:light_blue_stained_glass_pane":2,"minecraft:deepslate_tiles":3,"minecraft:tuff":6,"minecraft:spruce_planks":4,"minecraft:deepslate_diamond_ore":8,"minecraft:brewing_stand":1,"minecraft:gray_stained_glass_pane":5,"minecraft:granite":1,"minecraft:grass_block":4,"minecraft:spruce_leaves":2,"minecraft:spawner":9,"minecraft:large_fern":3,"minecraft:furnace":2,"minecraft:iron_ore":45,"minecraft:andesite":6,"projectvibrantjourneys:bark_mushroom":1,"minecraft:moss_carpet":1,"minecraft:anvil":4,"minecraft:deepslate_lapis_ore":6,"minecraft:enchanting_table":2,"minecraft:bookshelf":35,"minecraft:red_tulip":1,"vampirism:altar_infusion":1,"minecraft:deepslate_iron_ore":36,"minecraft:iron_bars":4,"minecraft:white_tulip":1,"minecraft:stone":29,"minecraft:gray_terracotta":13,"minecraft:cyan_terracotta":12,"minecraft:glass_pane":2,"minecraft:quartz_block":23,"projectvibrantjourneys:sea_oats":3,"minecraft:dandelion":1,"minecraft:oak_fence":32,"vampirism:totem_top_vampirism_vampire":1,"minecraft:crafting_table":6,"minecraft:light_gray_terracotta":1,"projectvibrantjourneys:twigs":1,"minecraft:gray_stained_glass":2,"minecraft:warped_roots":1,"minecraft:copper_ore":2,"minecraft:tall_grass":31,"minecraft:glass":4,"minecraft:cobblestone":2,"minecraft:deepslate_gold_ore":18,"minecraft:lapis_ore":8,"minecraft:grindstone":2,"projectvibrantjourneys:fallen_leaves":1,"minecraft:oak_planks":3,"minecraft:blue_bed":1,"minecraft:iron_door":1,"minecraft:deepslate_copper_ore":11,"minecraft:cobblestone_wall":3,"vampirism:totem_top":1,"minecraft:spruce_log":6,"minecraft:smooth_stone_slab":6,"minecraft:cracked_deepslate_tiles":1,"projectvibrantjourneys:sandy_sprouts":2,"minecraft:grass":140,"minecraft:oak_log":67,"projectvibrantjourneys:short_grass":35,"minecraft:oak_fence_gate":1,"minecraft:sand":60,"minecraft:dirt":13,"minecraft:cobweb":11,"minecraft:cracked_stone_bricks":1,"minecraft:stone_bricks":18,"minecraft:stonecutter":2,"minecraft:mossy_stone_bricks":2,"minecraft:oak_leaves":14,"minecraft:deepslate":29},"minecraft:killed_by":{"minecraft:zombie_villager":1,"minecraft:player":9,"minecraft:creeper":1,"minecraft:spider":1,"minecraft:pillager":4,"minecraft:drowned":1,"alexsmobs:tusklin":1,"mutantmonsters:mutant_skeleton":1,"minecraft:skeleton":4,"minecraft:zombie":7,"vampirism:hunter":1},"minecraft:crafted":{"minecraft:wooden_sword":1,"minecraft:oak_planks":203,"vampirism:injection_garlic":1,"vampirism:med_chair":1,"minecraft:furnace":2,"minecraft:bookshelf":27,"travelersbackpack:gold_tier_upgrade":1,"minecraft:glass_pane":16,"vampirism:injection_empty":1,"minecraft:glass":6,"minecraft:iron_boots":1,"minecraft:iron_axe":1,"minecraft:stone_pickaxe":1,"minecraft:oak_button":1,"minecraft:cooked_beef":8,"travelersbackpack:iron_tier_upgrade":1,"minecraft:crafting_table":2,"travelersbackpack:standard":2,"minecraft:iron_sword":1,"minecraft:bucket":1,"minecraft:air":0,"minecraft:stick":12,"minecraft:iron_ingot":69,"minecraft:iron_pickaxe":1,"minecraft:iron_leggings":1,"minecraft:gold_ingot":9},"minecraft:broken":{"aether:iron_gloves":1,"minecraft:wooden_sword":1,"minecraft:leather_boots":1,"minecraft:iron_sword":1,"minecraft:iron_helmet":1},"minecraft:custom":{"minecraft:interact_with_smithing_table":11,"minecraft:interact_with_anvil":2,"minecraft:mob_kills":79,"minecraft:animals_bred":1,"minecraft:interact_with_crafting_table":26,"minecraft:open_barrel":8,"minecraft:damage_dealt_resisted":1231,"minecraft:leave_game":15,"minecraft:time_since_death":2036,"minecraft:climb_one_cm":33828,"vampirism:amount_bitten":119,"minecraft:sprint_one_cm":756155,"minecraft:walk_one_cm":480763,"minecraft:drop":109,"vampirism:interact_with_totem":5,"tombstone:eaten_lollipop":1,"vampirism:skills_unlocked":5,"minecraft:damage_dealt_absorbed":90,"minecraft:talked_to_villager":15,"minecraft:play_time":256447,"minecraft:deaths":32,"minecraft:sneak_time":2839,"minecraft:walk_under_water_one_cm":11366,"tombstone:tomb_raiding":1,"minecraft:jump":5563,"minecraft:interact_with_blast_furnace":8,"minecraft:walk_on_water_one_cm":29446,"minecraft:total_world_time":256447,"vampirism:blood_drunk":12300,"vampirism:interact_with_injection_chair":6,"minecraft:interact_with_furnace":30,"tombstone:raider_killed":1,"vampirism:interact_with_research_table":2,"vampirism:interact_with_garlic_diffuser":1,"minecraft:sleep_in_bed":9,"vampirism:resurrected":1,"minecraft:time_since_rest":1734,"minecraft:damage_taken":211361,"tombstone:sneak_grave":1,"minecraft:damage_dealt":15479,"minecraft:crouch_one_cm":8178,"minecraft:player_kills":2,"minecraft:swim_one_cm":25408,"minecraft:fly_one_cm":1348179,"minecraft:open_chest":127,"tombstone:undead_killed":29,"minecraft:fall_one_cm":147012},"minecraft:used":{"projectvibrantjourneys:sandy_sprouts":1,"minecraft:oak_fence":1,"minecraft:iron_bars":4,"minecraft:enchanting_table":1,"minecraft:iron_shovel":34,"minecraft:spruce_planks":7,"minecraft:iron_sword":320,"tombstone:lollipop":1,"minecraft:iron_chestplate":1,"minecraft:dirt":22,"minecraft:spyglass":4,"minecraft:anvil":1,"minecraft:cobblestone_wall":1,"minecraft:tuff":3,"minecraft:milk_bucket":1,"projectvibrantjourneys:fallen_leaves":1,"minecraft:cyan_terracotta":1,"minecraft:bookshelf":17,"minecraft:iron_axe":242,"minecraft:quartz_block":22,"minecraft:iron_helmet":1,"minecraft:stone_bricks":13,"minecraft:beef":13,"minecraft:oak_sapling":1,"minecraft:furnace":4,"comforts:sleeping_bag_white":6,"tombstone:gift":3,"minecraft:cooked_beef":5,"minecraft:cobbled_deepslate":25,"projectvibrantjourneys:rocks":1,"minecraft:oak_planks":25,"minecraft:stone_pickaxe":95,"vampirism:human_heart":3,"minecraft:leather_boots":1,"projectvibrantjourneys:sea_oats":1,"minecraft:sand":43,"minecraft:light_gray_terracotta":1,"minecraft:crafting_table":7,"minecraft:white_bed":1,"minecraft:deepslate_tiles":2,"minecraft:oak_log":8,"minecraft:gray_terracotta":13,"minecraft:apple":7,"minecraft:bread":114,"minecraft:iron_pickaxe":246,"tombstone:grave_key":19,"minecraft:iron_door":1,"minecraft:wooden_sword":65,"minecraft:cobblestone":20,"travelersbackpack:standard":2,"minecraft:porkchop":2,"minecraft:andesite":6,"minecraft:smooth_stone_slab":8,"vampirism:med_chair":1}},"DataVersion":3465}