{"stats":{"minecraft:used":{"marbledsarsenal:riot_armor_chestplate":2,"minecraft:iron_shovel":54,"immersive_aircraft:airship":9,"minecraft:chest":12,"minecraft:white_terracotta":2,"minecraft:rotten_flesh":5,"immersive_aircraft:quadrocopter":1,"minecraft:iron_chestplate":2,"marbledsarsenal:riot_armor_boots":2,"minecraft:tuff":2,"minecraft:big_dripleaf":3,"minecraft:bricks":10,"marbledsarsenal:police_baton":100,"minecraft:furnace":9,"marbledsarsenal:cm6m_gas_mask":1,"minecraft:egg":4,"immersive_aircraft:biplane":8,"marbledsarsenal:riot_armor_leggings":1,"minecraft:oak_planks":110,"minecraft:mangrove_planks":10,"minecraft:ender_pearl":1,"minecraft:black_glazed_terracotta":3,"minecraft:composter":2,"minecraft:diamond_axe":134,"minecraft:clay":12,"immersive_aircraft:cargo_airship":1,"minecraft:golden_apple":2,"marbledsarsenal:helmet_cm6m_gas_mask":1,"minecraft:blast_furnace":2,"projectvibrantjourneys:pinecones":1,"projectvibrantjourneys:beach_grass":2,"minecraft:bread":104,"create:asurine":1,"minecraft:gravel":157,"max_armory:iron_shamshir":250,"minecraft:diamond_sword":662,"minecraft:wooden_sword":53,"minecraft:grindstone":1,"minecraft:smithing_table":1,"minecraft:andesite":4,"immersive_aircraft:gyrodyne":1,"minecraft:smooth_stone_slab":4,"minecraft:oak_boat":1,"minecraft:oak_fence":23,"minecraft:experience_bottle":6,"create:limestone":6,"tacz:gun_smith_table":12,"farmersdelight:rich_soil":1,"minecraft:torch":88,"create:ochrum":1,"minecraft:brewing_stand":1,"minecraft:dirt":153,"minecraft:anvil":4,"minecraft:white_carpet":1,"minecraft:hopper":1,"projectvibrantjourneys:bones":1,"minecraft:granite":4,"minecraft:oak_fence_gate":2,"minecraft:brown_terracotta":7,"projectvibrantjourneys:fallen_leaves":1,"minecraft:iron_axe":97,"minecraft:oak_stairs":12,"better_mob_food:cooked_flesh":202,"ecologics:coconut_boat":1,"minecraft:cooked_beef":6,"minecraft:cobbled_deepslate":150,"minecraft:enchanted_golden_apple":1,"minecraft:calcite":1,"minecraft:baked_potato":26,"minecraft:cartography_table":1,"minecraft:polished_andesite":2,"minecraft:leather_boots":1,"k_turrets:cobble_drone_item":2,"minecraft:crafting_table":10,"minecraft:white_bed":7,"marbledsarsenal:combat_helmet":1,"minecraft:smoker":2,"minecraft:oak_log":1,"minecraft:diamond_pickaxe":739,"minecraft:apple":1,"minecraft:diamond_shovel":296,"minecraft:iron_pickaxe":550,"minecraft:map":1,"minecraft:suspicious_stew":1,"minecraft:stone_axe":60,"minecraft:cobblestone":247,"minecraft:cooked_porkchop":1,"minecraft:yellow_bed":4,"minecraft:dandelion":1},"minecraft:dropped":{"minecraft:moss_block":1,"minecraft:cooked_beef":3,"minecraft:oak_log":9,"pointblank:ak47":1,"immersive_aircraft:industrial_gears":3,"minecraft:diamond":1,"ecologics:coconut_slice":2,"immersive_aircraft:biplane":1,"minecraft:leather":7,"projectvibrantjourneys:bones":1,"minecraft:mangrove_planks":8,"projectvibrantjourneys:orange_bark_mushroom":1,"minecraft:red_mushroom":5,"minecraft:cyan_terracotta":4,"minecraft:dirt":7,"projectvibrantjourneys:fallen_leaves":17,"marbledsarsenal:riot_armor_chestplate":1,"minecraft:chain":1,"minecraft:wooden_sword":1,"minecraft:phantom_membrane":2,"minecraft:iron_pickaxe":2,"overworld_netherite_ore:ancientdebrispiece":1,"projectvibrantjourneys:bark_mushroom":2,"minecraft:bone":7,"minecraft:gravel":8,"minecraft:stone_axe":1,"minecraft:sugar_cane":3,"minecraft:cobbled_deepslate":20,"projectvibrantjourneys:twigs":3,"minecraft:birch_sapling":1,"minecraft:rotten_flesh":59,"minecraft:diamond_shovel":1,"minecraft:azure_bluet":1,"psg:sulphur":18,"minecraft:carrot":2,"minecraft:chainmail_chestplate":2,"minecraft:poppy":5,"projectvibrantjourneys:light_brown_bark_mushroom":6,"minecraft:gunpowder":1,"minecraft:mossy_stone_brick_wall":2,"create:scoria":1,"minecraft:leather_boots":3,"minecraft:azalea":3,"k_turrets:raw_titanium":4,"max_armory:iron_machete":1,"projectvibrantjourneys:cattail":2,"tacz:attachment":5,"minecraft:enchanted_book":2,"minecraft:golden_boots":1,"minecraft:iron_ingot":9,"minecraft:bread":53,"projectvibrantjourneys:oak_hollow_log":2,"minecraft:wheat_seeds":21,"minecraft:mossy_cobblestone":2,"pointblank:ammo50ae":64,"minecraft:cobblestone":379,"minecraft:book":18,"minecraft:apple":4,"max_armory:iron_shamshir":1,"minecraft:coal":2,"minecraft:golden_apple":18,"projectvibrantjourneys:rocks":4,"minecraft:stick":10,"minecraft:torch":4,"minecraft:oak_stairs":2,"tacz:modern_kinetic_gun":3,"minecraft:mossy_cobblestone_stairs":1,"minecraft:paper":15,"minecraft:string":19,"minecraft:lily_pad":2,"create:raw_zinc":1,"minecraft:dandelion":20,"minecraft:moss_carpet":17,"minecraft:kelp":14,"minecraft:coarse_dirt":1,"minecraft:bowl":1,"minecraft:cobblestone_wall":4,"minecraft:smooth_stone_slab":2,"marbledsarsenal:riot_armor_boots":1,"minecraft:tuff":11,"minecraft:composter":1,"minecraft:chicken":1,"sophisticatedbackpacks:backpack":1,"alexsmobs:bear_fur":2,"pointblank:gunmetal_nugget":32,"minecraft:filled_map":1,"minecraft:diamond_sword":4,"marbledsarsenal:riot_armor_leggings":1,"minecraft:allium":1,"minecraft:spruce_trapdoor":128,"minecraft:diamond_pickaxe":2,"minecraft:andesite":3,"minecraft:oak_sapling":7,"marbledsarsenal:helmet_cm6m_gas_mask":2,"minecraft:spider_eye":9,"minecraft:light_gray_dye":2,"tacz:ammo":46,"minecraft:slime_ball":1,"sophisticatedbackpacks:copper_backpack":7,"ecologics:seashell":1,"max_armory:iron_hammer":1},"minecraft:killed_by":{"mutantmonsters:mutant_zombie":1,"minecraft:zombie":12,"minecraft:player":13,"hordes:zombie_player":9},"minecraft:killed":{"minecraft:chicken":7,"ecologics:coconut_crab":1,"minecraft:pig":2,"minecraft:zombie_villager":5,"minecraft:iron_golem":1,"hordes:drowned_player":1,"minecraft:trader_llama":1,"minecraft:zombie":326,"minecraft:cow":14,"hordes:zombie_player":11,"alexsmobs:seagull":1,"minecraft:drowned":6,"minecraft:husk":7,"alexsmobs:skunk":1,"minecraft:bat":1,"alexsmobs:giant_squid":1,"minecraft:villager":1},"minecraft:crafted":{"minecraft:black_dye":22,"minecraft:ancient_debris":1,"minecraft:grindstone":1,"marbledsarsenal:riot_armor_boots":1,"minecraft:oak_planks":268,"minecraft:stone":3,"k_turrets:titanium_ingot":4,"minecraft:hopper":1,"ecologics:flowering_azalea_planks":4,"minecraft:diamond_helmet":1,"minecraft:bow":2,"minecraft:diamond_leggings":1,"minecraft:iron_boots":2,"marbledsarsenal:riot_armor_leggings":1,"psg:potassium":32,"immersive_aircraft:hull":1,"minecraft:chest":5,"marbledsapi:steel_ingot":18,"max_armory:iron_hammer":1,"minecraft:oak_fence":15,"minecraft:smoker":1,"minecraft:arrow":8,"minecraft:diamond_axe":1,"minecraft:map":1,"minecraft:crafting_table":6,"max_armory:iron_shamshir":1,"minecraft:copper_ingot":195,"immersive_aircraft:propeller":1,"minecraft:cartography_table":1,"marbledsapi:raw_steel":22,"minecraft:dispenser":1,"marbledsarsenal:riot_armor_chestplate":1,"minecraft:iron_chestplate":2,"minecraft:paper":27,"minecraft:diamond_pickaxe":1,"minecraft:stick":64,"minecraft:stone_slab":6,"minecraft:iron_pickaxe":4,"minecraft:iron_ingot":558,"minecraft:compass":1,"minecraft:iron_block":31,"k_turrets:cobble_drone_item":1,"minecraft:gold_ingot":95,"minecraft:light_gray_dye":1,"marbledsarsenal:combat_helmet":1,"minecraft:wooden_sword":3,"minecraft:raw_iron":9,"minecraft:coal":90,"ecologics:coconut_planks":16,"minecraft:furnace":5,"minecraft:gray_dye":4,"minecraft:white_carpet":6,"map_atlases:atlas":1,"minecraft:iron_axe":1,"minecraft:diamond_boots":1,"marbledsarsenal:helmet_cm6m_gas_mask":1,"ecologics:coconut_boat":1,"minecraft:coal_block":30,"marbledsapi:steel_sheet":4,"ecologics:coconut_button":1,"max_armory:handle":1,"pointblank:gunmetal_ingot":48,"better_mob_food:cooked_flesh":372,"tacz:gun_smith_table":1,"minecraft:mangrove_planks":28,"minecraft:stone_axe":1,"minecraft:air":0,"minecraft:oak_boat":1,"minecraft:oak_fence_gate":1,"minecraft:white_wool":4,"minecraft:golden_apple":11,"minecraft:white_dye":2,"minecraft:raw_gold":9,"minecraft:oak_stairs":12,"minecraft:iron_shovel":1,"minecraft:iron_leggings":2,"minecraft:anvil":1,"minecraft:white_bed":1,"ecologics:azalea_planks":8,"minecraft:clay":12,"minecraft:diamond_chestplate":1},"minecraft:broken":{"max_armory:iron_shamshir":1,"minecraft:iron_pickaxe":1,"minecraft:iron_helmet":1},"minecraft:picked_up":{"minecraft:iron_chestplate":8,"minecraft:anvil":1,"minecraft:prismarine_shard":10,"minecraft:diamond_sword":13,"minecraft:oak_stairs":53,"minecraft:enchanted_book":4,"minecraft:string":33,"minecraft:raw_copper":408,"create:limestone":6,"minecraft:smooth_stone_slab":7,"minecraft:iron_leggings":6,"minecraft:zombie_head":2,"minecraft:smooth_stone":8,"minecraft:cobbled_deepslate":198,"minecraft:black_glazed_terracotta":3,"max_armory:iron_hammer":1,"minecraft:calcite":1,"minecraft:azalea":3,"minecraft:iron_pickaxe":7,"minecraft:mangrove_log":7,"minecraft:iron_boots":6,"minecraft:furnace":13,"minecraft:stick":39,"pointblank:gunmetal_ingot":24,"marbledsarsenal:police_baton":6,"minecraft:composter":3,"minecraft:big_dripleaf":3,"minecraft:brown_terracotta":7,"minecraft:oak_fence":14,"minecraft:torch":86,"minecraft:porkchop":7,"marbledsarsenal:riot_armor_chestplate":6,"psg:sulphur":145,"tacz:attachment":6,"minecraft:black_dye":1,"max_armory:handle":3,"pointblank:m1911a1":6,"projectvibrantjourneys:seashells":2,"minecraft:rotten_flesh":575,"create:scoria":1,"farmersdelight:onion":6,"create:ochrum":1,"ecologics:coconut_log":4,"create:asurine":4,"minecraft:cyan_terracotta":4,"projectvibrantjourneys:cattail":2,"minecraft:white_terracotta":2,"minecraft:cobblestone":653,"minecraft:birch_log":8,"minecraft:magma_block":2,"minecraft:feather":10,"minecraft:cooked_beef":27,"pointblank:guninternals":4,"minecraft:andesite":9,"projectvibrantjourneys:fallen_leaves":17,"immersive_aircraft:warship":1,"minecraft:smoker":1,"minecraft:potato":4,"alexsmobs:bear_fur":2,"map_atlases:atlas":2,"minecraft:flint":19,"minecraft:light_gray_dye":1,"minecraft:tuff":13,"create:raw_zinc":30,"projectvibrantjourneys:rocks":4,"projectvibrantjourneys:oak_hollow_log":6,"minecraft:lapis_lazuli":76,"minecraft:dirt":194,"minecraft:name_tag":1,"max_armory:iron_machete":1,"minecraft:leather_boots":7,"minecraft:bone":60,"minecraft:wheat_seeds":30,"immersive_aircraft:industrial_gears":2,"minecraft:raw_gold":46,"better_mob_food:cooked_flesh":321,"minecraft:moss_block":1,"alexsmobs:blobfish":1,"minecraft:oak_planks":292,"max_armory:iron_shamshir":3,"minecraft:cooked_porkchop":1,"ecologics:azalea_log":2,"psg:raw_potassium":54,"minecraft:axolotl_bucket":1,"minecraft:sand":1,"projectvibrantjourneys:beach_grass":2,"minecraft:ink_sac":22,"overworld_netherite_ore:large_ancient_shard":3,"alexsmobs:animal_dictionary":2,"minecraft:mossy_cobblestone":3,"minecraft:polished_andesite":2,"create:crimsite":2,"minecraft:diamond":148,"ecologics:azalea_planks":60,"minecraft:granite":4,"minecraft:bone_meal":1,"minecraft:golden_apple":46,"immersive_aircraft:quadrocopter":1,"k_turrets:cobble_drone_item":1,"minecraft:bread":403,"minecraft:oak_sapling":7,"minecraft:bricks":10,"marbledsarsenal:riot_armor_boots":8,"minecraft:diamond_pickaxe":9,"minecraft:coarse_dirt":17,"minecraft:crafting_table":11,"minecraft:allium":4,"minecraft:azure_bluet":1,"minecraft:chicken":3,"minecraft:clay_ball":48,"minecraft:brown_mushroom":1,"ecologics:seashell":1,"minecraft:wooden_pickaxe":1,"minecraft:chain":1,"ecologics:coconut_boat":1,"minecraft:oak_trapdoor":4,"minecraft:moss_carpet":18,"minecraft:iron_axe":8,"immersive_aircraft:biplane":9,"minecraft:wooden_sword":1,"tacz:ammo":900,"minecraft:iron_shovel":4,"marbledsarsenal:riot_armor_leggings":6,"minecraft:poppy":9,"minecraft:sugar_cane":27,"minecraft:chest":8,"minecraft:birch_sapling":1,"minecraft:spruce_trapdoor":64,"minecraft:phantom_membrane":3,"minecraft:egg":22,"minecraft:raw_iron":413,"minecraft:oak_door":3,"ecologics:coconut_slice":6,"minecraft:copper_ingot":291,"projectvibrantjourneys:bark_mushroom":3,"sophisticatedbackpacks:backpack":5,"pointblank:gunmetal_nugget":687,"minecraft:carrot":1,"minecraft:redstone":88,"minecraft:stone_shovel":1,"k_turrets:raw_titanium":10,"minecraft:gold_ingot":40,"sophisticatedbackpacks:copper_backpack":13,"minecraft:white_wool":3,"minecraft:oxeye_daisy":1,"ecologics:flowering_azalea_log":1,"farmersdelight:rich_soil":13,"minecraft:salmon":1,"minecraft:leather":13,"minecraft:red_mushroom":12,"overworld_netherite_ore:ancientdebrispiece":14,"minecraft:oak_log":120,"minecraft:chainmail_chestplate":4,"minecraft:lily_pad":2,"minecraft:cobblestone_wall":4,"minecraft:golden_boots":1,"minecraft:yellow_bed":4,"minecraft:gunpowder":100,"minecraft:cobblestone_stairs":6,"immersive_aircraft:gyrodyne":1,"marbledsarsenal:cm6m_gas_mask":8,"marbledsarsenal:helmet_cm6m_gas_mask":7,"farmersdelight:organic_compost":2,"pointblank:deserteagle":2,"minecraft:apple":16,"minecraft:kelp":10,"minecraft:iron_ingot":81,"minecraft:oak_fence_gate":1,"minecraft:stone_pickaxe":1,"minecraft:cooked_chicken":6,"marbledsapi:steel_ingot":5,"minecraft:stripped_oak_wood":1,"immersive_aircraft:airship":4,"minecraft:mossy_stone_brick_wall":4,"minecraft:mangrove_planks":6,"projectvibrantjourneys:light_brown_bark_mushroom":7,"minecraft:pumpkin":6,"minecraft:dandelion":24,"minecraft:raw_iron_block":1,"minecraft:gravel":199,"projectvibrantjourneys:bones":2,"minecraft:amethyst_shard":16,"minecraft:blast_furnace":2,"minecraft:white_bed":8,"minecraft:spider_eye":21,"minecraft:diamond_shovel":1,"minecraft:slime_ball":17,"minecraft:stone_axe":3,"tacz:modern_kinetic_gun":8,"minecraft:iron_helmet":3,"pointblank:ammo50ae":80,"minecraft:diamond_axe":1,"minecraft:mossy_cobblestone_stairs":1,"minecraft:baked_potato":50,"projectvibrantjourneys:orange_bark_mushroom":1,"projectvibrantjourneys:twigs":3,"minecraft:coal":356,"minecraft:hopper":1,"projectvibrantjourneys:pinecones":1,"minecraft:ender_pearl":2},"minecraft:mined":{"minecraft:large_amethyst_bud":1,"create:deepslate_zinc_ore":1,"minecraft:white_bed":8,"farmersdelight:rich_soil":5,"minecraft:cobblestone_stairs":4,"ecologics:surface_moss":1,"minecraft:granite":4,"minecraft:grass_block":34,"minecraft:composter":2,"minecraft:hopper":1,"minecraft:oxeye_daisy":1,"minecraft:spawner":30,"minecraft:tall_seagrass":1,"minecraft:raw_iron_block":1,"minecraft:magma_block":2,"minecraft:iron_ore":84,"minecraft:cobbled_deepslate":11,"projectvibrantjourneys:bark_mushroom":1,"minecraft:moss_carpet":2,"minecraft:anvil":1,"create:asurine":2,"minecraft:dirt_path":74,"minecraft:small_amethyst_bud":2,"minecraft:oak_stairs":52,"minecraft:azalea_leaves":2,"minecraft:azalea":2,"create:limestone":6,"projectvibrantjourneys:cattail":2,"minecraft:deepslate_redstone_ore":5,"minecraft:cyan_terracotta":6,"farmersdelight:organic_compost":1,"minecraft:amethyst_cluster":4,"minecraft:kelp_plant":1,"minecraft:medium_amethyst_bud":6,"minecraft:smoker":1,"minecraft:clay":12,"minecraft:torch":23,"projectvibrantjourneys:twigs":1,"minecraft:blast_furnace":2,"minecraft:calcite":1,"minecraft:poppy":2,"minecraft:chest":8,"create:scoria":1,"minecraft:cobblestone":91,"minecraft:oak_planks":58,"minecraft:sugar_cane":11,"minecraft:bricks":5,"projectvibrantjourneys:fallen_leaves":5,"minecraft:wall_torch":16,"minecraft:deepslate_copper_ore":16,"minecraft:seagrass":1,"minecraft:mossy_stone_brick_wall":2,"ecologics:seashell":1,"minecraft:stripped_oak_wood":1,"minecraft:smooth_stone_slab":5,"overworld_netherite_ore:deepslate_ancient_debris_ore":6,"minecraft:grass":129,"minecraft:oak_log":107,"projectvibrantjourneys:short_grass":80,"minecraft:oak_fence_gate":1,"ecologics:azalea_log":1,"minecraft:dirt":50,"minecraft:sand":1,"minecraft:mangrove_log":7,"create:crimsite":1,"minecraft:deepslate":145,"minecraft:oak_leaves":14,"create:zinc_ore":8,"minecraft:tuff":18,"minecraft:mossy_cobblestone":5,"minecraft:deepslate_diamond_ore":82,"projectvibrantjourneys:rocks":12,"psg:sulphur_ore":8,"minecraft:allium":3,"create:ochrum":1,"ecologics:coconut_log":4,"minecraft:kelp":1,"minecraft:moss_block":1,"minecraft:red_mushroom":1,"minecraft:large_fern":6,"minecraft:redstone_ore":2,"minecraft:oak_trapdoor":4,"minecraft:furnace":9,"minecraft:black_glazed_terracotta":3,"minecraft:andesite":7,"projectvibrantjourneys:beach_grass":3,"minecraft:deepslate_iron_ore":106,"minecraft:stone":267,"minecraft:glass_pane":2,"psg:potassium_ore":11,"minecraft:dandelion":8,"psg:deepslate_sulphur_ore":6,"minecraft:oak_fence":13,"minecraft:crafting_table":7,"projectvibrantjourneys:mossy_rocks":2,"minecraft:copper_ore":38,"minecraft:tall_grass":35,"minecraft:lapis_ore":3,"minecraft:deepslate_gold_ore":20,"minecraft:lily_pad":1,"minecraft:big_dripleaf":1,"minecraft:coarse_dirt":10,"minecraft:cobblestone_wall":1,"k_turrets:deepslate_titanium_ore":2,"minecraft:mangrove_planks":3,"minecraft:yellow_bed":4,"k_turrets:titanium_ore":4,"minecraft:coal_ore":177,"minecraft:zombie_head":2,"minecraft:gravel":205,"minecraft:cobweb":2,"minecraft:brown_terracotta":5,"minecraft:polished_andesite":1,"minecraft:small_dripleaf":1,"minecraft:gold_ore":1,"projectvibrantjourneys:oak_hollow_log":6,"minecraft:infested_stone":1,"minecraft:fern":7},"minecraft:custom":{"minecraft:animals_bred":1,"minecraft:interact_with_crafting_table":148,"minecraft:open_barrel":15,"minecraft:leave_game":25,"minecraft:time_since_death":38114,"minecraft:damage_resisted":45,"minecraft:sprint_one_cm":1353727,"minecraft:drop":285,"minecraft:talked_to_villager":3,"minecraft:play_time":665006,"minecraft:deaths":38,"minecraft:jump":9399,"minecraft:walk_on_water_one_cm":69340,"minecraft:interact_with_furnace":157,"minecraft:interact_with_cartography_table":2,"minecraft:sleep_in_bed":18,"minecraft:damage_dealt":73079,"minecraft:player_kills":12,"minecraft:crouch_one_cm":43116,"minecraft:interact_with_smoker":93,"minecraft:interact_with_smithing_table":3,"minecraft:interact_with_anvil":20,"minecraft:mob_kills":402,"minecraft:inspect_hopper":11,"minecraft:damage_dealt_resisted":1774,"minecraft:climb_one_cm":2459,"minecraft:walk_one_cm":1388718,"minecraft:damage_dealt_absorbed":249,"minecraft:sneak_time":28313,"minecraft:walk_under_water_one_cm":56174,"minecraft:boat_one_cm":175688,"minecraft:interact_with_blast_furnace":89,"minecraft:total_world_time":665006,"minecraft:interact_with_grindstone":1,"minecraft:time_since_rest":38218,"minecraft:damage_absorbed":236,"minecraft:damage_taken":18887,"minecraft:swim_one_cm":140456,"minecraft:fly_one_cm":1882625,"minecraft:open_chest":696,"minecraft:fall_one_cm":215847}},"DataVersion":3465}