{"stats":{"minecraft:custom":{"minecraft:open_chest":3,"minecraft:time_since_rest":6053,"minecraft:crouch_one_cm":1,"minecraft:deaths":1,"minecraft:sprint_one_cm":20500,"minecraft:play_time":9629,"minecraft:damage_taken":285,"minecraft:walk_one_cm":8671,"minecraft:sneak_time":4,"minecraft:mob_kills":1,"minecraft:drop":1,"minecraft:damage_dealt_resisted":61,"minecraft:jump":140,"minecraft:damage_dealt":120,"minecraft:leave_game":1,"minecraft:time_since_death":6852,"minecraft:total_world_time":9629,"minecraft:damage_dealt_absorbed":90,"minecraft:interact_with_crafting_table":3,"minecraft:fall_one_cm":4362,"minecraft:fly_one_cm":31439},"minecraft:killed":{"minecraft:cow":1},"minecraft:dropped":{"minecraft:oak_button":1},"minecraft:killed_by":{"minecraft:zombie":1},"minecraft:picked_up":{"minecraft:leather":1,"minecraft:beef":2,"minecraft:oak_log":10,"vampirism:hunter_axe_enhanced":1,"minecraft:oak_sapling":1,"projectvibrantjourneys:sea_oats":1},"minecraft:used":{"projectvibrantjourneys:sea_oats":1,"minecraft:wooden_sword":7,"minecraft:beef":2,"minecraft:crafting_table":1,"minecraft:oak_sapling":1,"minecraft:bread":1,"tombstone:gift":1,"minecraft:leather_boots":1},"minecraft:crafted":{"minecraft:wooden_sword":1,"minecraft:oak_button":1,"minecraft:oak_planks":40,"minecraft:crafting_table":1,"minecraft:stick":4,"minecraft:stone_pickaxe":1},"minecraft:mined":{"minecraft:grass":2,"minecraft:oak_log":9,"projectvibrantjourneys:sea_oats":1,"minecraft:oak_leaves":2}},"DataVersion":3465}