{"stats":{"minecraft:killed_by":{"minecraft:player":3,"minecraft:skeleton":4,"minecraft:creeper":1,"minecraft:spider":1,"minecraft:zombie":1,"minecraft:pillager":2},"minecraft:picked_up":{"minecraft:enchanting_table":2,"minecraft:crafting_table":3,"minecraft:anvil":4,"minecraft:iron_door":1,"minecraft:leather":2,"minecraft:oak_log":11,"minecraft:brewing_stand":1,"minecraft:dirt":1,"minecraft:string":2,"minecraft:cobblestone_wall":1,"projectvibrantjourneys:rocks":1,"projectvibrantjourneys:sea_oats":1,"vampirism:armor_of_swiftness_head_ultimate":1,"minecraft:paper":1,"minecraft:bone":5,"minecraft:stone_bricks":13,"minecraft:gray_terracotta":13,"minecraft:stone_pickaxe":1,"minecraft:deepslate_tiles":2,"comforts:sleeping_bag_white":5,"minecraft:iron_ingot":5,"minecraft:beef":9,"minecraft:mossy_stone_bricks":2,"vampirism:hunter_axe_enhanced":1,"minecraft:poppy":2,"minecraft:oak_planks":3,"minecraft:book":101,"pointblank:gunmetal_nugget":22,"minecraft:spruce_log":2,"vampirism:altar_infusion":1,"minecraft:spider_eye":2,"tombstone:lollipop":1,"minecraft:arrow":5,"minecraft:bundle":1,"minecraft:quartz_block":18,"minecraft:light_gray_terracotta":1,"minecraft:cyan_terracotta":4,"minecraft:bread":38,"minecraft:oak_sapling":1,"minecraft:iron_bars":4,"minecraft:white_wool":2,"minecraft:cobblestone":4},"minecraft:killed":{"minecraft:spider":5,"minecraft:sheep":2,"minecraft:skeleton":6,"minecraft:zombie":7,"minecraft:cow":2},"minecraft:custom":{"minecraft:mob_kills":22,"minecraft:interact_with_crafting_table":7,"vampirism:interact_with_research_table":2,"minecraft:open_barrel":7,"vampirism:interact_with_garlic_diffuser":1,"minecraft:damage_dealt_resisted":561,"minecraft:leave_game":5,"minecraft:time_since_death":12149,"minecraft:sleep_in_bed":5,"minecraft:climb_one_cm":25194,"minecraft:time_since_rest":11793,"minecraft:sprint_one_cm":349902,"minecraft:damage_taken":5523,"minecraft:walk_one_cm":173402,"minecraft:drop":26,"vampirism:interact_with_totem":5,"tombstone:eaten_lollipop":1,"minecraft:damage_dealt":4941,"minecraft:play_time":84878,"minecraft:damage_dealt_absorbed":90,"minecraft:swim_one_cm":12641,"minecraft:talked_to_villager":3,"minecraft:fly_one_cm":611002,"minecraft:crouch_one_cm":3604,"tombstone:undead_killed":13,"minecraft:open_chest":27,"minecraft:deaths":12,"minecraft:sneak_time":1196,"minecraft:walk_under_water_one_cm":3096,"minecraft:jump":2293,"minecraft:walk_on_water_one_cm":5939,"minecraft:total_world_time":84878,"vampirism:interact_with_injection_chair":1,"minecraft:fall_one_cm":62650},"minecraft:dropped":{"vampirism:item_garlic":5,"minecraft:bread":2,"vampirism:armor_of_swiftness_head_ultimate":2,"minecraft:feather":2,"minecraft:cobblestone":3,"vampirism:oblivion_potion":1,"pointblank:gunmetal_nugget":13,"minecraft:stick":2,"vampirism:hunter_axe_normal":1,"minecraft:oak_button":1,"vampirism:enhanced_crossbow":1,"minecraft:stone_bricks":2,"minecraft:mossy_stone_bricks":2,"minecraft:spider_eye":2,"minecraft:stone_pickaxe":2,"minecraft:beef":7,"minecraft:paper":1,"minecraft:white_wool":2,"minecraft:bone":5},"minecraft:broken":{"minecraft:wooden_sword":1,"minecraft:leather_boots":1},"minecraft:used":{"projectvibrantjourneys:rocks":1,"minecraft:iron_bars":4,"minecraft:stone_pickaxe":95,"minecraft:oak_planks":25,"minecraft:iron_sword":73,"tombstone:lollipop":1,"minecraft:leather_boots":1,"minecraft:iron_chestplate":1,"projectvibrantjourneys:sea_oats":1,"minecraft:dirt":1,"minecraft:crafting_table":4,"minecraft:cobblestone_wall":1,"minecraft:light_gray_terracotta":1,"minecraft:deepslate_tiles":2,"minecraft:gray_terracotta":13,"minecraft:cyan_terracotta":1,"minecraft:iron_axe":44,"minecraft:bread":58,"minecraft:iron_pickaxe":19,"minecraft:quartz_block":18,"minecraft:iron_helmet":1,"minecraft:iron_door":1,"tombstone:grave_key":9,"minecraft:stone_bricks":11,"minecraft:wooden_sword":65,"minecraft:cobblestone":4,"minecraft:beef":2,"minecraft:oak_sapling":1,"tombstone:gift":3,"comforts:sleeping_bag_white":4},"minecraft:mined":{"minecraft:light_blue_stained_glass_pane":2,"minecraft:deepslate_tiles":3,"minecraft:gray_terracotta":13,"minecraft:glass_pane":2,"minecraft:quartz_block":20,"projectvibrantjourneys:sea_oats":1,"minecraft:cyan_terracotta":12,"minecraft:brewing_stand":1,"minecraft:gray_stained_glass_pane":4,"minecraft:crafting_table":3,"minecraft:light_gray_terracotta":1,"minecraft:grass_block":1,"minecraft:gray_stained_glass":2,"minecraft:warped_roots":1,"minecraft:spruce_leaves":1,"minecraft:glass":4,"minecraft:tall_grass":2,"minecraft:cobblestone":1,"projectvibrantjourneys:fallen_leaves":1,"minecraft:oak_planks":3,"minecraft:iron_door":1,"minecraft:spawner":8,"minecraft:cobblestone_wall":2,"vampirism:totem_top":1,"minecraft:smooth_stone_slab":1,"minecraft:spruce_log":6,"minecraft:cracked_deepslate_tiles":1,"minecraft:anvil":4,"minecraft:enchanting_table":2,"minecraft:grass":8,"minecraft:bookshelf":34,"minecraft:oak_log":9,"vampirism:altar_infusion":1,"projectvibrantjourneys:short_grass":1,"minecraft:iron_bars":4,"minecraft:dirt":1,"minecraft:cobweb":4,"minecraft:cracked_stone_bricks":1,"minecraft:stone":4,"minecraft:stone_bricks":16,"minecraft:mossy_stone_bricks":2,"minecraft:oak_leaves":2},"minecraft:crafted":{"minecraft:wooden_sword":1,"minecraft:oak_planks":44,"minecraft:crafting_table":2,"minecraft:iron_sword":1,"minecraft:iron_pickaxe":1,"minecraft:iron_axe":1,"minecraft:stick":12,"minecraft:stone_pickaxe":1,"minecraft:oak_button":1}},"DataVersion":3465}