{"stats":{"minecraft:killed":{"vampirism:vampire":1,"minecraft:spider":9,"minecraft:skeleton":9,"minecraft:creeper":1,"minecraft:sheep":2,"minecraft:pillager":1,"minecraft:zombie":13,"alexsmobs:fly":1,"minecraft:cow":22},"minecraft:picked_up":{"minecraft:crafting_table":6,"artifacts:night_vision_goggles":1,"minecraft:anvil":4,"minecraft:brewing_stand":1,"vampirism:armor_of_swiftness_head_ultimate":1,"minecraft:string":3,"minecraft:smooth_stone_slab":8,"minecraft:deepslate_tiles":2,"minecraft:spruce_planks":3,"comforts:sleeping_bag_white":6,"minecraft:beef":54,"projectvibrantjourneys:sandy_sprouts":3,"minecraft:poppy":2,"minecraft:furnace":2,"projectvibrantjourneys:bark_mushroom":1,"minecraft:oak_fence":63,"pointblank:gunmetal_nugget":31,"tombstone:grave_dust":1,"tombstone:lollipop":1,"minecraft:quartz_block":20,"minecraft:arrow":7,"minecraft:rotten_flesh":4,"minecraft:red_tulip":1,"minecraft:cyan_terracotta":4,"minecraft:gold_ingot":10,"minecraft:iron_bars":4,"minecraft:white_wool":3,"minecraft:cobblestone":12,"minecraft:enchanting_table":2,"minecraft:cooked_beef":4,"minecraft:iron_door":1,"projectvibrantjourneys:fallen_leaves":1,"minecraft:leather":24,"minecraft:oak_log":69,"minecraft:lily_pad":1,"minecraft:cobblestone_wall":2,"minecraft:gunpowder":3,"projectvibrantjourneys:rocks":1,"projectvibrantjourneys:sea_oats":1,"minecraft:dirt":22,"minecraft:paper":1,"minecraft:leather_boots":1,"minecraft:bone":10,"minecraft:stone_bricks":15,"minecraft:gray_terracotta":13,"minecraft:wheat_seeds":9,"minecraft:stone_pickaxe":1,"minecraft:iron_ingot":5,"vampirism:hunter_axe_enhanced":1,"minecraft:mossy_stone_bricks":2,"minecraft:oak_planks":4,"travelersbackpack:blank_upgrade":2,"minecraft:book":104,"projectvibrantjourneys:light_brown_bark_mushroom":4,"minecraft:dandelion":1,"minecraft:sand":70,"minecraft:white_bed":1,"vampirism:altar_infusion":1,"minecraft:spruce_log":2,"minecraft:spider_eye":3,"minecraft:bundle":2,"travelersbackpack:standard":1,"minecraft:light_gray_terracotta":1,"minecraft:bread":38,"tombstone:magic_scroll":1,"minecraft:oak_sapling":1,"minecraft:coal":8},"minecraft:dropped":{"vampirism:item_garlic":5,"minecraft:bread":2,"minecraft:iron_sword":1,"minecraft:wheat_seeds":9,"minecraft:oak_log":10,"vampirism:vampire_book":2,"projectvibrantjourneys:sandy_sprouts":2,"minecraft:oak_fence":62,"minecraft:feather":2,"minecraft:cobblestone":3,"minecraft:leather":11,"sophisticatedbackpacks:gold_backpack":1,"minecraft:stick":2,"artifacts:night_vision_goggles":1,"minecraft:torch":5,"tombstone:grave_dust":1,"vampirism:enhanced_crossbow":1,"minecraft:iron_leggings":1,"minecraft:sand":1,"minecraft:iron_pickaxe":1,"artifacts:feral_claws":1,"minecraft:bucket":1,"minecraft:paper":1,"minecraft:string":1,"minecraft:lily_pad":1,"minecraft:white_wool":3,"projectvibrantjourneys:bark_mushroom":1,"minecraft:dandelion":1,"minecraft:bone":9,"minecraft:stone_axe":1,"vampirism:armor_of_swiftness_head_ultimate":2,"alexsmobs:animal_dictionary":1,"minecraft:cobblestone_wall":1,"tombstone:gift":1,"minecraft:rotten_flesh":9,"minecraft:iron_boots":1,"vampirism:oblivion_potion":1,"pointblank:gunmetal_nugget":14,"vampirism:hunter_axe_normal":1,"projectvibrantjourneys:light_brown_bark_mushroom":4,"minecraft:stone":1,"minecraft:gunpowder":1,"minecraft:oak_button":1,"minecraft:bundle":2,"minecraft:iron_chestplate":1,"minecraft:mossy_stone_bricks":2,"minecraft:leather_boots":1,"minecraft:spider_eye":2,"minecraft:stone_bricks":2,"minecraft:bow":1,"minecraft:stone_pickaxe":2,"minecraft:beef":30,"minecraft:red_tulip":1,"artifacts:scarf_of_invisibility":1},"minecraft:mined":{"minecraft:light_blue_stained_glass_pane":2,"minecraft:deepslate_tiles":3,"minecraft:spruce_planks":4,"minecraft:brewing_stand":1,"minecraft:gray_stained_glass_pane":5,"minecraft:grass_block":4,"minecraft:spruce_leaves":2,"minecraft:spawner":8,"minecraft:large_fern":3,"minecraft:furnace":2,"projectvibrantjourneys:bark_mushroom":1,"minecraft:moss_carpet":1,"minecraft:anvil":4,"minecraft:enchanting_table":2,"minecraft:bookshelf":35,"minecraft:red_tulip":1,"vampirism:altar_infusion":1,"minecraft:iron_bars":4,"minecraft:white_tulip":1,"minecraft:stone":12,"minecraft:gray_terracotta":13,"minecraft:glass_pane":2,"minecraft:quartz_block":22,"projectvibrantjourneys:sea_oats":3,"minecraft:cyan_terracotta":12,"minecraft:dandelion":1,"minecraft:oak_fence":32,"minecraft:crafting_table":6,"minecraft:light_gray_terracotta":1,"projectvibrantjourneys:twigs":1,"minecraft:gray_stained_glass":2,"minecraft:warped_roots":1,"minecraft:glass":4,"minecraft:tall_grass":29,"minecraft:cobblestone":1,"projectvibrantjourneys:fallen_leaves":1,"minecraft:oak_planks":3,"minecraft:iron_door":1,"minecraft:cobblestone_wall":3,"vampirism:totem_top":1,"minecraft:spruce_log":6,"minecraft:smooth_stone_slab":6,"projectvibrantjourneys:sandy_sprouts":2,"minecraft:grass":138,"minecraft:cracked_deepslate_tiles":1,"minecraft:oak_log":67,"projectvibrantjourneys:short_grass":35,"minecraft:oak_fence_gate":1,"minecraft:sand":60,"minecraft:dirt":13,"minecraft:cobweb":4,"minecraft:cracked_stone_bricks":1,"minecraft:stone_bricks":18,"minecraft:mossy_stone_bricks":2,"minecraft:oak_leaves":14},"minecraft:killed_by":{"minecraft:zombie_villager":1,"minecraft:player":6,"minecraft:creeper":1,"minecraft:spider":1,"minecraft:pillager":4,"alexsmobs:tusklin":1,"mutantmonsters:mutant_skeleton":1,"minecraft:skeleton":4,"minecraft:zombie":7},"minecraft:crafted":{"minecraft:wooden_sword":1,"minecraft:oak_planks":203,"minecraft:furnace":1,"minecraft:bookshelf":27,"travelersbackpack:gold_tier_upgrade":1,"minecraft:glass":6,"minecraft:iron_boots":1,"minecraft:iron_axe":1,"minecraft:stone_pickaxe":1,"minecraft:oak_button":1,"minecraft:cooked_beef":8,"travelersbackpack:iron_tier_upgrade":1,"minecraft:crafting_table":2,"travelersbackpack:standard":2,"minecraft:iron_sword":1,"minecraft:air":0,"minecraft:stick":12,"minecraft:iron_ingot":13,"minecraft:iron_pickaxe":1,"minecraft:gold_ingot":9,"minecraft:iron_leggings":1},"minecraft:broken":{"minecraft:wooden_sword":1,"minecraft:leather_boots":1},"minecraft:custom":{"minecraft:interact_with_smithing_table":11,"minecraft:interact_with_anvil":1,"minecraft:mob_kills":59,"minecraft:animals_bred":1,"minecraft:interact_with_crafting_table":21,"minecraft:open_barrel":8,"minecraft:damage_dealt_resisted":801,"minecraft:leave_game":13,"minecraft:time_since_death":5863,"minecraft:climb_one_cm":33828,"minecraft:sprint_one_cm":562996,"minecraft:walk_one_cm":349809,"minecraft:drop":97,"vampirism:interact_with_totem":5,"tombstone:eaten_lollipop":1,"minecraft:damage_dealt_absorbed":90,"minecraft:talked_to_villager":6,"minecraft:play_time":182074,"minecraft:deaths":27,"minecraft:sneak_time":1723,"minecraft:walk_under_water_one_cm":3262,"tombstone:tomb_raiding":1,"minecraft:jump":4023,"minecraft:interact_with_blast_furnace":8,"minecraft:walk_on_water_one_cm":8609,"minecraft:total_world_time":182074,"vampirism:interact_with_injection_chair":1,"minecraft:interact_with_furnace":16,"tombstone:raider_killed":1,"vampirism:interact_with_research_table":2,"vampirism:interact_with_garlic_diffuser":1,"minecraft:sleep_in_bed":8,"minecraft:time_since_rest":5421,"minecraft:damage_taken":11148,"tombstone:sneak_grave":1,"minecraft:damage_dealt":10593,"minecraft:player_kills":1,"minecraft:swim_one_cm":12941,"minecraft:fly_one_cm":1038000,"minecraft:crouch_one_cm":4817,"minecraft:open_chest":84,"tombstone:undead_killed":22,"minecraft:fall_one_cm":102195},"minecraft:used":{"projectvibrantjourneys:sandy_sprouts":1,"minecraft:oak_fence":1,"minecraft:enchanting_table":1,"minecraft:iron_bars":4,"minecraft:iron_shovel":34,"minecraft:spruce_planks":7,"minecraft:iron_sword":276,"tombstone:lollipop":1,"minecraft:iron_chestplate":1,"minecraft:dirt":20,"minecraft:spyglass":4,"minecraft:anvil":1,"minecraft:cobblestone_wall":1,"projectvibrantjourneys:fallen_leaves":1,"minecraft:cyan_terracotta":1,"minecraft:bookshelf":17,"minecraft:iron_axe":202,"minecraft:quartz_block":20,"minecraft:iron_helmet":1,"minecraft:stone_bricks":13,"minecraft:beef":10,"minecraft:oak_sapling":1,"minecraft:furnace":3,"tombstone:gift":3,"comforts:sleeping_bag_white":5,"minecraft:cooked_beef":5,"projectvibrantjourneys:rocks":1,"minecraft:oak_planks":25,"minecraft:stone_pickaxe":95,"minecraft:leather_boots":1,"projectvibrantjourneys:sea_oats":1,"minecraft:sand":43,"minecraft:crafting_table":7,"minecraft:light_gray_terracotta":1,"minecraft:white_bed":1,"minecraft:deepslate_tiles":2,"minecraft:oak_log":8,"minecraft:gray_terracotta":13,"minecraft:apple":7,"minecraft:bread":91,"minecraft:iron_pickaxe":45,"tombstone:grave_key":17,"minecraft:iron_door":1,"minecraft:wooden_sword":65,"minecraft:cobblestone":4,"travelersbackpack:standard":1,"minecraft:smooth_stone_slab":8}},"DataVersion":3465}