{"stats":{"minecraft:custom":{"minecraft:animals_bred":1,"minecraft:interact_with_crafting_table":56,"minecraft:open_barrel":16,"minecraft:eat_cake_slice":2,"minecraft:leave_game":23,"minecraft:time_since_death":83676,"minecraft:sprint_one_cm":1182815,"minecraft:drop":178,"vampirism:interact_with_totem":5,"tombstone:eaten_lollipop":1,"minecraft:talked_to_villager":16,"minecraft:play_time":480775,"minecraft:deaths":43,"tombstone:tomb_raiding":1,"minecraft:jump":9135,"minecraft:walk_on_water_one_cm":58640,"minecraft:enchant_item":7,"minecraft:interact_with_furnace":102,"vampirism:interact_with_research_table":2,"minecraft:sleep_in_bed":16,"tombstone:sneak_grave":1,"minecraft:damage_dealt":33326,"minecraft:player_kills":3,"minecraft:crouch_one_cm":23933,"tombstone:undead_killed":382,"minecraft:interact_with_smoker":1,"minecraft:interact_with_smithing_table":11,"minecraft:interact_with_anvil":8,"minecraft:mob_kills":473,"minecraft:inspect_hopper":13,"minecraft:damage_dealt_resisted":3564,"minecraft:climb_one_cm":41966,"vampirism:amount_bitten":122,"minecraft:walk_one_cm":896199,"vampirism:skills_unlocked":8,"minecraft:damage_dealt_absorbed":90,"minecraft:sneak_time":8653,"minecraft:walk_under_water_one_cm":24395,"minecraft:interact_with_blast_furnace":17,"minecraft:total_world_time":480775,"vampirism:interact_with_injection_chair":9,"vampirism:blood_drunk":13000,"tombstone:raider_killed":1,"vampirism:interact_with_garlic_diffuser":1,"minecraft:interact_with_grindstone":2,"minecraft:time_since_rest":8153,"vampirism:resurrected":1,"minecraft:damage_taken":512584,"minecraft:damage_absorbed":82,"minecraft:swim_one_cm":42911,"minecraft:fly_one_cm":2092720,"minecraft:open_chest":423,"minecraft:fall_one_cm":235546},"minecraft:broken":{"minecraft:wooden_sword":1,"minecraft:iron_sword":1,"aether:iron_gloves":1,"aether:cold_parachute":2,"minecraft:iron_axe":1,"minecraft:leather_boots":1,"minecraft:iron_helmet":1},"minecraft:killed":{"vampirism:vampire":2,"minecraft:cave_spider":1,"minecraft:spider":11,"minecraft:skeleton":121,"minecraft:silverfish":4,"alexsmobs:centipede_head":1,"aether:blue_swet":1,"artifacts:mimic":1,"minecraft:creeper":4,"aether:phyg":1,"aether:aechor_plant":1,"vampirism:hunter":5,"minecraft:sheep":2,"aether:zephyr":1,"minecraft:pillager":1,"minecraft:zombie":261,"alexsmobs:fly":2,"minecraft:cow":26,"aether:mimic":1,"minecraft:phantom":1,"minecraft:bat":1,"mutantmonsters:creeper_minion":1},"minecraft:dropped":{"minecraft:iron_sword":1,"minecraft:soul_sand":14,"minecraft:cooked_beef":10,"minecraft:oak_log":13,"projectvibrantjourneys:sandy_sprouts":10,"securitycraft:reinforced_cobblestone_slab":3,"minecraft:leather":11,"projectvibrantjourneys:orange_bark_mushroom":2,"sophisticatedbackpacks:gold_backpack":1,"artifacts:night_vision_goggles":1,"projectvibrantjourneys:fallen_leaves":1,"minecraft:gold_nugget":2,"minecraft:sand":10,"minecraft:iron_pickaxe":1,"minecraft:white_wool":3,"projectvibrantjourneys:bark_mushroom":1,"minecraft:bone":11,"alexsmobs:centipede_leg":2,"minecraft:stone_axe":1,"alexsmobs:animal_dictionary":1,"tombstone:gift":1,"vampirism:holy_water_bottle_enhanced":2,"minecraft:rotten_flesh":15,"minecraft:oak_planks":25,"vampirism:oblivion_potion":1,"aether:aechor_petal":1,"psg:sulphur":6,"vampirism:hunter_axe_normal":1,"projectvibrantjourneys:light_brown_bark_mushroom":7,"minecraft:gunpowder":1,"artifacts:umbrella":1,"aether:golden_dart":7,"minecraft:leather_boots":3,"k_turrets:raw_titanium":2,"minecraft:beef":30,"artifacts:scarf_of_invisibility":1,"aether:icestone":4,"vampirism:item_garlic":5,"minecraft:enchanted_book":1,"minecraft:water_bucket":1,"minecraft:stone_hoe":1,"minecraft:bread":26,"minecraft:wheat_seeds":10,"aether:cold_aercloud":2,"vampirism:vampire_book":2,"minecraft:oak_fence":62,"minecraft:iron_helmet":1,"minecraft:feather":2,"minecraft:cobblestone":5,"minecraft:stick":2,"minecraft:torch":5,"tombstone:grave_key":1,"tombstone:grave_dust":1,"vampirism:enhanced_crossbow":1,"minecraft:iron_leggings":3,"artifacts:feral_claws":2,"minecraft:paper":1,"minecraft:string":2,"minecraft:lily_pad":1,"minecraft:bucket":2,"vampirism:injection_garlic":1,"artifacts:bunny_hoppers":1,"minecraft:dandelion":1,"minecraft:oak_trapdoor":2,"vampirism:armor_of_swiftness_head_ultimate":2,"minecraft:cobblestone_wall":8,"aether:zanite_axe":1,"minecraft:iron_boots":2,"securitycraft:reinforced_cobblestone":1,"minecraft:oak_sign":3,"pointblank:gunmetal_nugget":25,"minecraft:stone":1,"minecraft:oak_button":1,"minecraft:bundle":2,"minecraft:iron_chestplate":3,"minecraft:diamond_pickaxe":1,"minecraft:mossy_stone_bricks":2,"minecraft:spider_eye":4,"minecraft:stone_bricks":2,"minecraft:sandstone":1,"minecraft:bow":1,"minecraft:stone_pickaxe":2,"minecraft:red_tulip":1},"minecraft:killed_by":{"minecraft:zombie_villager":1,"minecraft:creeper":1,"minecraft:pillager":4,"minecraft:drowned":1,"alexsmobs:tusklin":1,"minecraft:zombie":17,"vampirism:hunter":1,"minecraft:player":10,"minecraft:spider":1,"mutantmonsters:mutant_skeleton":1,"minecraft:skeleton":4},"minecraft:picked_up":{"minecraft:anvil":5,"artifacts:bunny_hoppers":1,"artifacts:umbrella":2,"minecraft:brewing_stand":1,"securitycraft:reinforced_cobblestone_slab":3,"vampirism:armor_of_swiftness_head_ultimate":1,"minecraft:string":15,"minecraft:raw_copper":89,"minecraft:smooth_stone_slab":12,"minecraft:deepslate_tiles":2,"minecraft:tnt_minecart":1,"minecraft:cobbled_deepslate":121,"minecraft:bucket":1,"comforts:sleeping_bag_white":7,"minecraft:spruce_planks":7,"minecraft:calcite":2,"minecraft:furnace":2,"minecraft:stick":1,"minecraft:oak_fence":63,"minecraft:porkchop":2,"psg:sulphur":6,"vampirism:holy_water_bottle_enhanced":2,"tombstone:grave_dust":17,"vampirism:vampire_fang":1,"aether:zanite_axe":1,"alexsmobs:centipede_leg":2,"tombstone:lollipop":1,"minecraft:quartz_block":22,"minecraft:rotten_flesh":64,"minecraft:red_tulip":1,"minecraft:cyan_terracotta":4,"aether:iron_ring":1,"minecraft:obsidian":13,"minecraft:iron_bars":4,"minecraft:cobblestone":112,"minecraft:enchanting_table":2,"minecraft:feather":1,"minecraft:cooked_beef":20,"minecraft:iron_door":1,"projectvibrantjourneys:fallen_leaves":2,"minecraft:andesite":18,"ecologics:coconut_planks":2,"minecraft:flint":1,"minecraft:tuff":7,"projectvibrantjourneys:rocks":1,"artifacts:flippers":1,"minecraft:lapis_lazuli":106,"minecraft:dirt":58,"aether:icestone":4,"minecraft:leather_boots":1,"minecraft:bone":26,"minecraft:bow":1,"minecraft:stonecutter":2,"minecraft:gray_terracotta":13,"minecraft:wheat_seeds":10,"aether:holystone":1,"minecraft:raw_gold":38,"vampirism:item_garlic":1,"minecraft:grindstone":2,"aether:cold_aercloud":12,"minecraft:mossy_stone_bricks":2,"minecraft:glowstone_dust":49,"minecraft:oak_planks":5,"minecraft:cooked_porkchop":2,"minecraft:sand":123,"overworld_netherite_ore:large_ancient_shard":1,"artifacts:plastic_drinking_hat":1,"minecraft:bundle":2,"minecraft:light_gray_terracotta":1,"minecraft:diamond":44,"aether:ambrosium_shard":1,"minecraft:granite":3,"aether:swet_ball":1,"minecraft:emerald":20,"minecraft:bread":38,"minecraft:oak_sapling":5,"minecraft:netherrack":2,"aether:blue_aercloud":1,"aether:aechor_petal":2,"minecraft:spruce_leaves":106,"minecraft:crafting_table":6,"artifacts:night_vision_goggles":1,"minecraft:oak_trapdoor":2,"artifacts:feral_claws":1,"artifacts:fire_gauntlet":1,"minecraft:blackstone":3,"minecraft:beef":61,"projectvibrantjourneys:sandy_sprouts":11,"minecraft:poppy":2,"minecraft:chest":1,"minecraft:raw_iron":123,"minecraft:sandstone":2,"securitycraft:reinforced_cobblestone":3,"projectvibrantjourneys:bark_mushroom":1,"pointblank:gunmetal_nugget":192,"minecraft:redstone":75,"minecraft:arrow":12,"k_turrets:raw_titanium":2,"tombstone:essence_of_undeath":2,"minecraft:gold_ingot":17,"minecraft:rail":1,"minecraft:white_wool":3,"aether:mossy_holystone":1,"minecraft:basalt":1,"minecraft:glow_ink_sac":10,"minecraft:leather":27,"overworld_netherite_ore:ancientdebrispiece":4,"minecraft:oak_log":85,"minecraft:lily_pad":1,"minecraft:golden_boots":1,"minecraft:cobblestone_wall":3,"minecraft:gunpowder":14,"projectvibrantjourneys:sea_oats":1,"minecraft:blue_bed":2,"minecraft:paper":1,"vampirism:human_heart":3,"minecraft:apple":2,"minecraft:stone_bricks":15,"minecraft:iron_ingot":6,"minecraft:stone_pickaxe":1,"vampirism:hunter_axe_enhanced":1,"travelersbackpack:blank_upgrade":2,"minecraft:soul_sand":14,"minecraft:book":104,"projectvibrantjourneys:light_brown_bark_mushroom":6,"minecraft:polished_andesite_stairs":2,"minecraft:dandelion":1,"minecraft:lava_bucket":1,"projectvibrantjourneys:bones":1,"minecraft:spruce_sapling":5,"minecraft:white_bed":1,"minecraft:spruce_log":2,"vampirism:altar_infusion":1,"artifacts:scarf_of_invisibility":1,"minecraft:spider_eye":9,"travelersbackpack:standard":1,"minecraft:slime_ball":2,"projectvibrantjourneys:orange_bark_mushroom":2,"tombstone:magic_scroll":3,"aether:golden_dart":4,"minecraft:coal":39,"minecraft:ender_pearl":3},"minecraft:used":{"minecraft:iron_shovel":34,"minecraft:chest":3,"minecraft:iron_sword":320,"tombstone:lollipop":1,"minecraft:iron_chestplate":1,"minecraft:tuff":6,"minecraft:obsidian":11,"minecraft:milk_bucket":1,"minecraft:glass":11,"minecraft:cyan_terracotta":1,"minecraft:lava_bucket":2,"minecraft:polished_andesite_stairs":2,"minecraft:quartz_block":22,"minecraft:iron_helmet":1,"minecraft:stone_bricks":13,"minecraft:rabbit_stew":1,"minecraft:oak_sapling":5,"minecraft:furnace":4,"minecraft:potato":3,"projectvibrantjourneys:rocks":1,"minecraft:diamond_boots":2,"minecraft:stone_pickaxe":95,"minecraft:oak_planks":25,"aether:mossy_holystone":1,"minecraft:blackstone":3,"minecraft:ender_pearl":1,"minecraft:sandstone":1,"vampirism:human_heart":3,"minecraft:blue_bed":2,"minecraft:diamond_axe":19,"minecraft:cookie":8,"minecraft:golden_apple":5,"minecraft:sand":65,"minecraft:light_gray_terracotta":1,"securitycraft:universal_block_remover":6,"minecraft:shears":107,"minecraft:deepslate_tiles":2,"minecraft:bread":114,"tombstone:grave_key":20,"minecraft:iron_door":1,"minecraft:diamond_sword":329,"minecraft:wooden_sword":65,"minecraft:andesite":18,"vampirism:med_chair":1,"minecraft:smooth_stone_slab":12,"projectvibrantjourneys:sandy_sprouts":1,"minecraft:oak_fence":1,"minecraft:oak_trapdoor":1,"minecraft:experience_bottle":1,"minecraft:iron_bars":4,"minecraft:enchanting_table":1,"minecraft:flint_and_steel":2,"aether:cold_aercloud":2,"minecraft:spruce_planks":7,"minecraft:dirt":32,"minecraft:spyglass":4,"minecraft:anvil":1,"minecraft:cobblestone_wall":1,"minecraft:granite":2,"projectvibrantjourneys:bones":1,"minecraft:iron_hoe":70,"projectvibrantjourneys:fallen_leaves":1,"minecraft:bookshelf":17,"minecraft:iron_axe":247,"better_mob_food:cooked_flesh":6,"minecraft:glowstone":10,"minecraft:beef":13,"comforts:sleeping_bag_white":6,"tombstone:gift":5,"aether:cold_parachute":2,"minecraft:cooked_beef":9,"minecraft:cobbled_deepslate":118,"minecraft:calcite":2,"travelersbackpack:sheep":1,"farmersdelight:iron_knife":20,"minecraft:water_bucket":4,"securitycraft:reinforced_cobblestone":1,"minecraft:leather_boots":1,"projectvibrantjourneys:sea_oats":1,"minecraft:crafting_table":7,"minecraft:white_bed":1,"minecraft:cake":1,"minecraft:oak_log":8,"minecraft:gray_terracotta":13,"minecraft:diamond_pickaxe":1350,"minecraft:apple":7,"minecraft:diamond_shovel":69,"minecraft:iron_pickaxe":248,"minecraft:cobblestone":181,"travelersbackpack:standard":4,"aether:golden_parachute":7,"minecraft:porkchop":2,"minecraft:cooked_porkchop":10,"minecraft:bucket":6},"minecraft:crafted":{"minecraft:oak_planks":255,"minecraft:oak_sign":3,"vampirism:injection_garlic":1,"vampirism:med_chair":1,"minecraft:bookshelf":27,"securitycraft:laser_block":1,"minecraft:glass":6,"minecraft:diamond_helmet":1,"minecraft:diamond_leggings":1,"minecraft:iron_boots":3,"tombstone:grave_key":1,"minecraft:chest":2,"aether:diamond_gloves":1,"minecraft:oak_button":1,"travelersbackpack:iron_tier_upgrade":1,"minecraft:cooked_porkchop":10,"minecraft:crafting_table":2,"minecraft:iron_helmet":1,"travelersbackpack:standard":2,"minecraft:iron_chestplate":2,"minecraft:diamond_pickaxe":2,"minecraft:stick":20,"minecraft:iron_ingot":254,"minecraft:iron_pickaxe":1,"minecraft:gold_ingot":179,"minecraft:shears":2,"securitycraft:universal_block_reinforcer_lvl1":1,"minecraft:wooden_sword":1,"minecraft:furnace":2,"travelersbackpack:gold_tier_upgrade":1,"minecraft:oak_trapdoor":2,"minecraft:glass_pane":16,"minecraft:flint_and_steel":1,"vampirism:injection_empty":1,"minecraft:iron_axe":1,"securitycraft:universal_block_remover":1,"minecraft:iron_hoe":1,"minecraft:stone_pickaxe":1,"minecraft:cobblestone_wall":6,"minecraft:diamond_boots":1,"minecraft:redstone_block":1,"aether:cold_parachute":2,"minecraft:cooked_beef":13,"minecraft:diamond_sword":1,"minecraft:iron_sword":1,"minecraft:bucket":1,"minecraft:glowstone":12,"minecraft:air":0,"minecraft:golden_apple":23,"minecraft:raw_gold":45,"minecraft:iron_leggings":3,"minecraft:diamond_chestplate":1},"minecraft:mined":{"minecraft:spruce_planks":8,"aether:cold_aercloud":10,"minecraft:oak_sapling":1,"minecraft:brewing_stand":1,"minecraft:obsidian":2,"minecraft:granite":3,"minecraft:grass_block":32,"minecraft:spawner":16,"minecraft:glowstone":16,"minecraft:iron_ore":70,"minecraft:cobbled_deepslate":3,"minecraft:fire":10,"projectvibrantjourneys:bark_mushroom":1,"minecraft:moss_carpet":1,"minecraft:anvil":5,"minecraft:deepslate_lapis_ore":8,"minecraft:enchanting_table":2,"minecraft:red_tulip":1,"minecraft:iron_bars":4,"minecraft:deepslate_redstone_ore":16,"minecraft:gray_terracotta":13,"minecraft:quartz_block":23,"aether:holystone":1,"projectvibrantjourneys:sea_oats":3,"minecraft:cyan_terracotta":12,"minecraft:blackstone":3,"vampirism:totem_top_vampirism_vampire":1,"minecraft:light_gray_terracotta":1,"projectvibrantjourneys:twigs":1,"minecraft:calcite":2,"minecraft:polished_andesite_stairs":2,"minecraft:glass":10,"minecraft:cobblestone":161,"minecraft:grindstone":2,"projectvibrantjourneys:fallen_leaves":1,"minecraft:oak_planks":4,"minecraft:iron_door":1,"minecraft:deepslate_copper_ore":15,"farmersdelight:sandy_shrub":1,"vampirism:totem_top":1,"projectvibrantjourneys:bones":1,"overworld_netherite_ore:deepslate_ancient_debris_ore":6,"minecraft:smooth_stone_slab":9,"minecraft:grass":142,"minecraft:cracked_deepslate_tiles":1,"minecraft:oak_log":83,"projectvibrantjourneys:short_grass":36,"minecraft:oak_fence_gate":1,"minecraft:sand":97,"minecraft:dirt":18,"minecraft:stonecutter":2,"minecraft:netherrack":2,"minecraft:deepslate":124,"minecraft:oak_leaves":14,"minecraft:light_blue_stained_glass_pane":2,"minecraft:deepslate_tiles":3,"minecraft:diamond_ore":7,"minecraft:tuff":9,"ecologics:coconut_planks":2,"minecraft:mossy_cobblestone":2,"minecraft:deepslate_diamond_ore":34,"projectvibrantjourneys:rocks":4,"minecraft:gray_stained_glass_pane":5,"aether:mossy_holystone":1,"minecraft:spruce_leaves":179,"minecraft:large_fern":3,"minecraft:furnace":2,"minecraft:andesite":18,"minecraft:bookshelf":35,"vampirism:altar_infusion":1,"minecraft:deepslate_iron_ore":54,"projectvibrantjourneys:seashells":1,"minecraft:stone":882,"minecraft:white_tulip":1,"minecraft:glass_pane":2,"minecraft:soul_sand":16,"minecraft:basalt":1,"minecraft:dandelion":1,"psg:deepslate_sulphur_ore":2,"minecraft:oak_fence":32,"minecraft:crafting_table":6,"minecraft:emerald_ore":4,"minecraft:gray_stained_glass":2,"minecraft:warped_roots":1,"minecraft:copper_ore":12,"minecraft:tall_grass":31,"minecraft:deepslate_coal_ore":12,"minecraft:lapis_ore":8,"minecraft:deepslate_gold_ore":38,"minecraft:blue_bed":2,"minecraft:cobblestone_wall":3,"k_turrets:deepslate_titanium_ore":1,"minecraft:spruce_log":6,"projectvibrantjourneys:sandy_sprouts":10,"minecraft:coal_ore":20,"minecraft:cobweb":11,"minecraft:cracked_stone_bricks":1,"minecraft:stone_bricks":18,"minecraft:mossy_stone_bricks":2}},"DataVersion":3465}